Rk,Player,Pos,Age,Tm,G,GS,MP,FG,FGA,FG%,3P,3PA,3P%,2P,2PA,2P%,eFG%,FT,FTA,FT%,ORB,DRB,TRB,AST,STL,BLK,TOV,PF,PTS
1,Precious Achiuwa\achiupr01,PF,21,MIA,55,3,12.4,2.0,3.8,.541,0.0,0.0,,2.0,3.8,.541,.541,1.0,1.9,.515,1.3,2.3,3.6,0.5,0.3,0.5,0.7,1.6,5.0
2,Jaylen Adams\adamsja01,PG,24,MIL,7,0,2.6,0.1,1.1,.125,0.0,0.3,.000,0.1,0.9,.167,.125,0.0,0.0,,0.0,0.4,0.4,0.3,0.0,0.0,0.0,0.1,0.3
3,Steven Adams\adamsst01,C,27,NOP,56,56,28.0,3.4,5.4,.620,0.0,0.1,.000,3.4,5.4,.627,.620,1.1,2.4,.444,3.8,5.2,9.0,1.9,0.9,0.7,1.4,2.0,7.8
4,Bam Adebayo\adebaba01,C,23,MIA,55,55,33.5,7.2,12.7,.568,0.0,0.1,.250,7.2,12.6,.571,.569,4.6,5.7,.804,2.3,6.8,9.1,5.3,1.1,1.1,2.7,2.2,19.1
5,LaMarcus Aldridge\aldrila01,C,35,TOT,26,23,25.9,5.4,11.4,.473,1.2,3.1,.388,4.2,8.3,.505,.525,1.6,1.8,.872,0.7,3.8,4.5,1.9,0.4,1.1,1.0,1.8,13.5
5,LaMarcus Aldridge\aldrila01,C,35,SAS,21,18,25.9,5.5,11.8,.464,1.3,3.6,.360,4.2,8.2,.509,.518,1.5,1.8,.838,0.8,3.7,4.5,1.7,0.4,0.9,1.0,1.7,13.7
5,LaMarcus Aldridge\aldrila01,C,35,BRK,5,5,26.0,5.0,9.6,.521,0.8,1.0,.800,4.2,8.6,.488,.563,2.0,2.0,1.000,0.4,4.4,4.8,2.6,0.6,2.2,1.4,2.2,12.8
6,Ty-Shon Alexander\alexaty01,SG,22,PHO,9,0,3.2,0.2,1.1,.200,0.1,0.8,.143,0.1,0.3,.333,.250,0.1,0.2,.500,0.1,0.4,0.6,0.1,0.0,0.1,0.1,0.1,0.7
7,Nickeil Alexander-Walker\alexani01,SG,22,NOP,41,10,20.8,3.9,9.2,.418,1.6,4.6,.348,2.3,4.7,.487,.504,1.0,1.3,.750,0.2,2.8,3.1,2.0,1.0,0.5,1.4,1.9,10.2
8,Grayson Allen\allengr01,SG,25,MEM,47,35,25.6,3.6,8.6,.423,2.3,5.7,.397,1.4,2.9,.474,.555,1.6,1.9,.862,0.4,2.9,3.3,2.1,1.0,0.2,1.0,1.5,11.1
9,Jarrett Allen\allenja01,C,22,TOT,52,34,29.1,4.9,7.6,.642,0.1,0.3,.385,4.8,7.3,.651,.648,3.4,4.7,.718,3.0,6.8,9.8,1.6,0.5,1.5,1.5,1.6,13.2
9,Jarrett Allen\allenja01,C,22,BRK,12,5,26.7,3.7,5.4,.677,0.0,0.0,,3.7,5.4,.677,.677,3.8,5.1,.754,3.2,7.3,10.4,1.7,0.6,1.6,1.8,1.8,11.2
9,Jarrett Allen\allenja01,C,22,CLE,40,29,29.9,5.2,8.2,.635,0.1,0.3,.385,5.1,7.9,.646,.643,3.3,4.6,.707,3.0,6.7,9.7,1.6,0.5,1.5,1.5,1.6,13.8
10,Al-Farouq Aminu\aminual01,PF,30,TOT,20,14,19.6,1.8,4.6,.391,0.4,1.7,.212,1.5,3.0,.492,.429,0.8,1.0,.842,1.0,4.0,5.0,1.5,0.9,0.5,1.4,1.3,4.8
10,Al-Farouq Aminu\aminual01,PF,30,ORL,17,14,21.6,2.1,5.2,.404,0.4,1.8,.226,1.7,3.4,.500,.444,0.8,1.0,.824,1.2,4.2,5.4,1.7,1.0,0.5,1.5,1.3,5.5
10,Al-Farouq Aminu\aminual01,PF,30,CHI,3,0,8.0,0.0,1.0,.000,0.0,0.7,.000,0.0,0.3,.000,.000,0.7,0.7,1.000,0.0,3.0,3.0,0.3,0.0,0.0,0.7,1.0,0.7
11,Kyle Anderson\anderky01,PF,27,MEM,58,58,27.2,4.4,9.5,.464,1.3,3.8,.347,3.1,5.7,.541,.533,2.0,2.6,.785,0.8,5.2,6.0,3.5,1.2,0.8,1.2,1.8,12.2
12,Giannis Antetokounmpo\antetgi01,PF,26,MIL,51,51,33.6,10.3,18.1,.568,1.1,3.6,.301,9.2,14.5,.633,.597,6.8,10.0,.682,1.7,9.7,11.4,6.0,1.2,1.3,3.6,2.7,28.5
13,Kostas Antetokounmpo\antetko01,PF,23,LAL,14,0,3.8,0.2,0.7,.300,0.0,0.0,,0.2,0.7,.300,.300,0.4,0.9,.462,0.3,1.1,1.4,0.1,0.1,0.3,0.7,0.5,0.9
14,Thanasis Antetokounmpo\antetth01,SF,28,MIL,48,2,10.3,1.4,2.6,.524,0.1,0.5,.292,1.2,2.1,.578,.552,0.4,0.8,.462,1.1,1.4,2.5,0.9,0.4,0.2,0.8,1.4,3.3
15,Carmelo Anthony\anthoca01,PF,36,POR,59,3,24.9,4.8,11.7,.411,1.9,4.8,.392,2.9,6.9,.425,.492,2.1,2.4,.878,0.5,2.7,3.2,1.5,0.7,0.6,1.0,2.1,13.5
16,Cole Anthony\anthoco01,PG,20,ORL,36,23,26.9,4.4,11.3,.390,1.1,3.5,.317,3.3,7.8,.423,.440,1.9,2.4,.802,0.8,3.7,4.5,4.4,0.6,0.5,1.8,2.1,11.8
17,OG Anunoby\anunoog01,SF,23,TOR,40,40,33.2,5.6,11.7,.483,2.4,6.0,.393,3.3,5.7,.577,.584,1.9,2.4,.781,1.3,4.3,5.6,2.0,1.6,0.7,1.8,2.7,15.5
18,Ryan Arcidiacono\arcidry01,PG,26,CHI,36,0,10.8,1.1,2.8,.394,0.5,1.6,.316,0.6,1.2,.500,.485,0.3,0.4,.750,0.1,1.5,1.6,1.3,0.2,0.0,0.2,1.2,3.0
19,Trevor Ariza\arizatr01,SF,35,MIA,21,18,27.4,3.0,7.6,.396,1.6,4.6,.354,1.4,3.0,.460,.503,1.1,1.4,.767,0.8,3.8,4.6,1.8,0.8,0.6,0.6,1.7,8.7
20,D.J. Augustin\augusdj01,PG,33,TOT,51,6,19.2,2.2,5.6,.385,1.3,3.5,.374,0.8,2.1,.402,.502,1.4,1.5,.932,0.4,1.3,1.6,3.3,0.5,0.0,1.1,1.0,7.0
20,D.J. Augustin\augusdj01,PG,33,MIL,37,6,19.3,1.9,5.2,.370,1.3,3.5,.380,0.6,1.7,.349,.497,1.0,1.1,.900,0.3,1.1,1.4,3.0,0.5,0.0,0.9,0.9,6.1
20,D.J. Augustin\augusdj01,PG,33,HOU,14,0,19.1,2.8,6.7,.415,1.3,3.6,.360,1.5,3.1,.477,.511,2.4,2.4,.971,0.5,1.8,2.3,4.0,0.4,0.0,1.5,1.3,9.2
21,Deni Avdija\avdijde01,SF,20,WAS,54,32,23.3,2.4,5.8,.417,1.0,3.1,.315,1.4,2.7,.535,.502,0.5,0.8,.644,0.4,4.4,4.9,1.2,0.6,0.3,0.6,2.6,6.3
22,Deandre Ayton\aytonde01,C,22,PHO,61,61,30.8,6.5,10.4,.625,0.1,0.3,.200,6.4,10.0,.639,.628,2.0,2.6,.764,3.4,7.4,10.7,1.4,0.6,1.1,1.6,2.9,15.0
23,Udoka Azubuike\azubuud01,C,21,UTA,12,0,4.1,0.3,0.6,.571,0.0,0.0,,0.3,0.6,.571,.571,0.3,0.5,.667,0.3,0.8,1.1,0.0,0.1,0.3,0.3,0.7,1.0
24,Dwayne Bacon\bacondw01,SG,25,ORL,61,41,25.4,3.9,9.7,.401,0.9,3.0,.306,3.0,6.8,.443,.448,1.9,2.2,.839,0.3,2.7,3.0,1.2,0.6,0.1,0.6,1.5,10.6
25,Marvin Bagley III\baglema01,PF,21,SAC,37,37,25.7,5.6,11.2,.502,0.9,2.6,.354,4.7,8.6,.547,.543,1.6,2.9,.560,2.5,5.0,7.4,0.9,0.5,0.5,1.3,2.4,13.9
26,LaMelo Ball\ballla01,PG,19,CHO,41,21,28.6,5.8,12.8,.451,2.0,5.3,.375,3.8,7.6,.503,.528,2.4,3.0,.789,1.3,4.5,5.9,6.1,1.6,0.3,2.8,2.8,15.9
27,Lonzo Ball\balllo01,PG,23,NOP,47,47,31.3,5.1,12.2,.422,3.0,7.9,.381,2.1,4.3,.500,.546,0.8,1.1,.780,0.5,3.7,4.2,5.7,1.4,0.6,2.1,1.9,14.1
28,Mo Bamba\bambamo01,C,22,ORL,37,1,13.5,2.8,5.8,.486,0.8,2.3,.369,2.0,3.5,.562,.558,0.7,1.1,.659,1.4,3.4,4.8,0.6,0.2,1.0,0.6,1.8,7.2
29,Desmond Bane\banede01,SG,22,MEM,56,12,22.0,3.4,7.2,.474,1.7,3.7,.455,1.7,3.4,.495,.592,0.6,0.8,.837,0.4,2.6,3.0,1.7,0.6,0.2,0.9,1.9,9.1
30,Harrison Barnes\barneha02,PF,28,SAC,58,58,36.2,5.5,11.1,.497,1.7,4.4,.391,3.8,6.7,.567,.575,3.4,4.1,.830,1.1,5.5,6.6,3.5,0.7,0.2,1.6,1.3,16.1
31,RJ Barrett\barrerj01,SG,20,NYK,62,62,34.6,6.5,14.7,.446,1.5,4.0,.386,5.0,10.7,.469,.499,2.9,3.9,.744,1.0,4.7,5.7,2.9,0.7,0.3,2.0,2.6,17.5
32,Will Barton\bartowi01,SF,30,DEN,56,52,31.0,4.6,10.9,.426,1.8,4.6,.381,2.9,6.3,.459,.507,1.7,2.2,.785,0.7,3.3,4.0,3.2,0.9,0.4,1.7,1.7,12.7
33,Keita Bates-Diop\bateske01,SF,25,SAS,22,0,6.9,0.7,1.9,.381,0.2,0.7,.333,0.5,1.2,.407,.440,0.5,0.7,.733,0.2,0.9,1.1,0.4,0.4,0.1,0.1,0.3,2.2
34,Nicolas Batum\batumni01,SF,32,LAC,59,38,28.2,2.9,6.3,.457,1.7,4.2,.405,1.2,2.2,.559,.591,0.7,0.9,.846,0.8,4.1,4.9,2.3,1.1,0.5,0.8,1.6,8.2
35,Aron Baynes\baynear01,C,34,TOR,50,31,18.2,2.4,5.6,.431,0.4,1.9,.237,2.0,3.8,.527,.470,0.5,0.7,.730,1.7,3.4,5.1,0.9,0.3,0.4,0.9,2.3,5.8
36,Kent Bazemore\bazemke01,SF,31,GSW,57,8,18.1,2.4,5.4,.448,1.1,2.5,.417,1.4,2.9,.476,.545,0.8,1.1,.692,0.4,2.6,3.1,1.6,1.0,0.5,1.2,2.2,6.7
37,Darius Bazley\bazleda01,PF,20,OKC,45,45,31.2,4.9,12.0,.404,1.5,5.2,.286,3.4,6.8,.494,.466,2.0,2.8,.718,0.8,6.6,7.4,1.6,0.6,0.5,2.0,1.1,13.2
38,Bradley Beal\bealbr01,SG,27,WAS,52,52,35.6,11.1,22.9,.486,2.2,6.3,.347,8.9,16.6,.539,.534,6.9,7.7,.900,1.2,3.6,4.8,4.6,1.2,0.4,3.2,2.4,31.4
39,Malik Beasley\beaslma01,SG,24,MIN,37,36,32.8,7.1,16.2,.440,3.5,8.7,.399,3.7,7.5,.487,.547,1.8,2.2,.850,0.8,3.6,4.4,2.4,0.8,0.2,1.6,1.7,19.6
40,Jordan Bell\belljo01,C,26,WAS,5,1,13.4,1.4,4.0,.350,0.0,0.4,.000,1.4,3.6,.389,.350,0.0,0.0,,1.2,2.6,3.8,1.0,0.6,0.6,0.6,1.0,2.8
41,DeAndre' Bembry\bembrde01,SF,26,TOR,40,11,17.9,2.0,3.9,.526,0.2,0.8,.273,1.8,3.0,.595,.555,0.8,1.1,.698,0.6,2.0,2.6,2.0,0.8,0.4,1.3,1.5,5.0
42,Dāvis Bertāns\bertada01,PF,28,WAS,46,5,25.0,3.4,8.3,.410,3.0,7.5,.407,0.4,0.8,.436,.593,1.8,2.0,.890,0.3,2.7,3.1,0.9,0.6,0.3,0.6,2.4,11.6
43,Patrick Beverley\beverpa01,PG,32,LAC,31,31,23.4,2.6,6.1,.432,1.7,4.0,.416,1.0,2.1,.462,.568,1.1,1.3,.805,0.9,2.7,3.6,2.1,0.8,0.8,0.9,3.1,8.0
44,Saddiq Bey\beysa01,SF,21,DET,60,43,25.8,3.7,9.1,.404,2.3,6.2,.377,1.4,2.9,.460,.531,1.7,1.9,.871,0.6,3.6,4.2,1.2,0.7,0.2,0.8,1.6,11.3
45,Tyler Bey\beyty01,SF,22,DAL,11,0,3.5,0.4,1.1,.333,0.0,0.1,.000,0.4,1.0,.364,.333,0.2,0.4,.500,0.5,0.7,1.2,0.1,0.0,0.1,0.0,0.4,0.9
46,Khem Birch\birchkh01,C,28,TOT,56,11,20.8,2.3,4.7,.479,0.1,0.5,.233,2.1,4.2,.511,.492,1.3,1.8,.710,2.4,2.8,5.2,1.1,0.7,0.7,0.5,1.5,5.9
46,Khem Birch\birchkh01,C,28,ORL,48,5,19.8,2.0,4.4,.450,0.1,0.4,.190,1.9,3.9,.479,.459,1.3,1.8,.741,2.4,2.6,5.1,1.1,0.7,0.6,0.5,1.4,5.3
46,Khem Birch\birchkh01,C,28,TOR,8,6,26.6,4.0,6.8,.593,0.4,1.1,.333,3.6,5.6,.644,.620,1.0,1.9,.533,2.5,3.8,6.3,1.1,0.9,1.5,0.8,2.1,9.4
47,Goga Bitadze\bitadgo01,C,21,IND,37,2,11.3,1.9,4.1,.458,0.4,1.5,.268,1.5,2.6,.567,.507,0.9,1.2,.756,1.3,1.9,3.2,0.7,0.2,1.2,0.4,1.9,5.1
48,Bismack Biyombo\biyombi01,C,28,CHO,54,30,20.9,2.2,3.9,.572,0.0,0.0,.000,2.2,3.8,.575,.572,0.8,1.7,.478,2.1,3.2,5.3,1.3,0.3,1.1,1.0,2.3,5.2
49,Nemanja Bjelica\bjeline01,PF,32,TOT,35,1,15.3,2.2,5.0,.446,0.6,2.1,.270,1.7,2.9,.574,.503,1.0,1.3,.723,0.7,2.6,3.3,1.7,0.3,0.1,0.9,1.8,6.0
49,Nemanja Bjelica\bjeline01,PF,32,SAC,26,1,16.9,2.7,5.8,.460,0.7,2.2,.293,2.0,3.5,.565,.517,1.2,1.6,.762,0.9,2.9,3.8,1.9,0.3,0.1,1.1,1.8,7.2
49,Nemanja Bjelica\bjeline01,PF,32,MIA,9,0,10.9,1.0,2.8,.360,0.3,1.8,.188,0.7,1.0,.667,.420,0.2,0.6,.400,0.1,1.8,1.9,1.1,0.3,0.2,0.3,1.8,2.6
50,Eric Bledsoe\bledser01,SG,31,NOP,60,59,29.8,4.1,10.1,.411,1.8,5.1,.351,2.4,5.0,.472,.499,1.8,2.5,.722,0.4,3.0,3.4,3.7,0.8,0.3,1.6,1.6,11.9
51,Keljin Blevins\blevike01,SF,25,POR,10,0,5.1,0.2,1.4,.143,0.0,0.5,.000,0.2,0.9,.222,.143,0.0,0.0,,0.0,0.2,0.2,0.4,0.2,0.0,0.3,0.4,0.4
52,Bogdan Bogdanović\bogdabo01,SG,28,ATL,37,20,29.0,5.7,12.4,.457,3.0,7.2,.419,2.7,5.3,.508,.577,0.9,1.0,.892,0.5,3.3,3.7,3.2,1.0,0.2,1.3,2.2,15.2
53,Bojan Bogdanović\bogdabo02,SF,31,UTA,61,61,30.5,5.1,12.1,.420,2.4,6.4,.383,2.7,5.8,.460,.520,2.9,3.3,.873,0.5,3.3,3.8,1.9,0.6,0.0,1.6,1.6,15.6
54,Bol Bol\bolbo01,PF,21,DEN,27,2,4.7,0.9,1.7,.511,0.3,0.7,.450,0.6,1.0,.556,.606,0.3,0.5,.643,0.0,0.7,0.7,0.3,0.1,0.4,0.4,0.4,2.4
55,Marques Bolden\boldema01,C,22,CLE,6,0,4.8,0.2,0.5,.333,0.0,0.0,,0.2,0.5,.333,.333,0.8,1.3,.625,0.5,0.5,1.0,0.0,0.3,0.3,0.3,0.0,1.2
56,Jordan Bone\bonejo01,PG,23,ORL,14,0,14.0,1.6,3.9,.426,0.7,2.3,.313,0.9,1.6,.591,.519,0.0,0.0,,0.3,1.4,1.7,1.3,0.1,0.0,0.2,0.8,4.0
57,Isaac Bonga\bongais01,SF,21,WAS,37,8,11.3,0.8,2.1,.385,0.4,1.2,.283,0.5,0.9,.531,.468,0.1,0.2,.625,0.5,1.3,1.8,0.6,0.3,0.2,0.6,1.6,2.1
58,Devin Booker\bookede01,SG,24,PHO,57,57,33.8,9.3,19.3,.484,2.0,5.6,.348,7.4,13.6,.540,.535,4.9,5.7,.858,0.4,3.7,4.1,4.5,0.9,0.3,3.2,2.8,25.5
59,Chris Boucher\bouchch01,C,28,TOR,59,13,24.0,4.8,9.2,.519,1.5,3.8,.389,3.3,5.4,.611,.600,2.5,3.2,.787,2.0,4.8,6.7,1.1,0.6,1.9,0.8,2.8,13.6
60,Brian Bowen\bowenbr02,SF,22,IND,6,0,2.5,0.2,0.7,.250,0.0,0.2,.000,0.2,0.5,.333,.250,0.2,0.2,1.000,0.0,0.5,0.5,0.0,0.0,0.0,0.0,0.2,0.5
61,Avery Bradley\bradlav01,SG,30,TOT,24,4,22.1,2.5,6.4,.383,1.3,3.8,.341,1.2,2.6,.444,.484,0.5,0.6,.800,0.3,1.9,2.2,1.8,0.7,0.1,0.9,2.1,6.7
61,Avery Bradley\bradlav01,SG,30,MIA,10,1,21.1,3.1,6.6,.470,1.6,3.8,.421,1.5,2.8,.536,.591,0.7,0.9,.778,0.2,1.6,1.8,1.4,0.7,0.1,0.9,2.6,8.5
61,Avery Bradley\bradlav01,SG,30,HOU,14,3,22.8,2.0,6.3,.318,1.1,3.8,.283,0.9,2.5,.371,.403,0.4,0.4,.833,0.4,2.1,2.5,2.0,0.7,0.1,0.9,1.7,5.4
62,Tony Bradley\bradlto01,C,23,TOT,35,8,16.3,3.1,4.7,.661,0.0,0.1,.000,3.1,4.6,.673,.661,0.8,1.2,.707,2.1,3.6,5.7,0.8,0.4,0.7,0.8,1.5,7.1
62,Tony Bradley\bradlto01,C,23,PHI,20,8,14.4,2.6,3.8,.680,0.0,0.1,.000,2.6,3.7,.689,.680,0.4,0.6,.636,2.0,3.3,5.2,0.9,0.3,0.7,0.3,1.4,5.5
62,Tony Bradley\bradlto01,C,23,OKC,15,0,18.8,3.9,6.0,.644,0.0,0.1,.000,3.9,5.9,.659,.644,1.5,2.0,.733,2.3,4.1,6.4,0.8,0.5,0.7,1.4,1.7,9.2
63,Jarrell Brantley\brantja01,PF,24,UTA,21,0,4.5,0.7,1.6,.455,0.3,1.0,.350,0.4,0.6,.615,.561,0.1,0.1,1.000,0.3,0.7,1.0,0.3,0.1,0.1,0.1,0.7,1.9
64,Ignas Brazdeikis\brazdig01,SF,22,TOT,5,0,3.0,0.0,0.8,.000,0.0,0.2,.000,0.0,0.6,.000,.000,0.4,0.4,1.000,0.2,0.6,0.8,0.2,0.0,0.0,0.2,0.0,0.4
64,Ignas Brazdeikis\brazdig01,SF,22,NYK,4,0,1.8,0.0,0.3,.000,0.0,0.0,,0.0,0.3,.000,.000,0.5,0.5,1.000,0.3,0.3,0.5,0.3,0.0,0.0,0.3,0.0,0.5
64,Ignas Brazdeikis\brazdig01,SF,22,PHI,1,0,8.0,0.0,3.0,.000,0.0,1.0,.000,0.0,2.0,.000,.000,0.0,0.0,,0.0,2.0,2.0,0.0,0.0,0.0,0.0,0.0,0.0
65,Mikal Bridges\bridgmi01,SF,24,PHO,61,61,32.6,4.9,9.3,.528,1.8,4.4,.401,3.2,5.0,.640,.622,1.5,1.8,.826,1.1,3.3,4.4,2.2,1.0,0.8,0.8,1.6,13.1
66,Miles Bridges\bridgmi02,PF,22,CHO,60,14,28.5,4.4,8.8,.505,1.7,4.1,.407,2.7,4.6,.592,.601,1.3,1.6,.851,1.2,4.8,6.1,2.1,0.7,0.7,1.6,2.1,11.9
67,Amida Brimah\brimaam01,C,26,IND,1,0,5.0,0.0,1.0,.000,0.0,0.0,,0.0,1.0,.000,.000,0.0,0.0,,0.0,0.0,0.0,0.0,0.0,1.0,0.0,0.0,0.0
68,Oshae Brissett\brissos01,SF,22,IND,9,4,17.8,2.8,5.2,.532,1.1,2.7,.417,1.7,2.6,.652,.638,1.8,2.3,.762,1.3,3.0,4.3,0.6,0.4,0.6,0.2,1.0,8.4
69,Malcolm Brogdon\brogdma01,PG,28,IND,54,54,35.0,8.1,17.8,.457,2.7,6.7,.396,5.5,11.1,.494,.532,2.7,3.1,.863,1.1,4.2,5.3,6.0,0.9,0.3,2.1,2.0,21.6
70,Armoni Brooks\brookar01,SG,22,HOU,9,3,23.6,2.9,7.7,.377,2.3,6.7,.350,0.6,1.0,.556,.529,0.2,0.6,.400,0.6,3.4,4.0,1.4,0.4,0.1,1.2,1.4,8.3
71,Dillon Brooks\brookdi01,SF,25,MEM,56,56,29.4,6.3,15.0,.417,1.9,5.4,.347,4.4,9.6,.457,.480,2.3,2.7,.840,0.8,2.2,3.0,2.3,1.2,0.4,1.9,3.5,16.7
72,Bruce Brown\brownbr01,PG,24,BRK,57,32,22.4,3.6,6.5,.546,0.3,1.0,.291,3.3,5.6,.590,.567,1.4,1.9,.736,1.7,3.5,5.2,1.6,0.9,0.4,0.9,2.3,8.8
73,Charlie Brown\brownch02,G,23,OKC,1,0,12.0,1.0,4.0,.250,1.0,3.0,.333,0.0,1.0,.000,.375,2.0,2.0,1.000,0.0,0.0,0.0,0.0,2.0,0.0,0.0,1.0,5.0
74,Jaylen Brown\brownja02,SG,24,BOS,54,54,34.2,9.3,18.8,.493,2.7,6.8,.402,6.6,12.0,.545,.565,3.2,4.2,.757,1.2,4.6,5.8,3.4,1.2,0.5,2.7,2.9,24.4
75,Moses Brown\brownmo01,C,21,OKC,32,21,20.5,3.3,6.1,.546,0.0,0.0,,3.3,6.1,.546,.546,1.9,3.0,.625,3.3,5.0,8.3,0.2,0.7,1.0,1.0,2.1,8.5
76,Sterling Brown\brownst02,SG,25,HOU,51,14,24.1,2.9,6.6,.448,1.8,4.2,.423,1.2,2.4,.492,.584,0.5,0.6,.806,0.7,3.6,4.4,1.4,0.7,0.2,0.8,1.9,8.2
77,Troy Brown Jr.\browntr01,SF,21,TOT,34,0,15.4,1.8,4.2,.431,0.6,2.1,.314,1.2,2.2,.541,.507,0.4,0.6,.714,0.6,2.5,3.1,0.9,0.3,0.2,0.6,1.4,4.7
77,Troy Brown Jr.\browntr01,SF,21,WAS,21,0,13.7,1.6,4.2,.371,0.7,2.2,.304,0.9,2.0,.442,.449,0.5,0.7,.667,0.5,2.4,2.9,0.9,0.1,0.2,0.8,1.4,4.3
77,Troy Brown Jr.\browntr01,SF,21,CHI,13,0,18.2,2.2,4.2,.527,0.6,1.8,.333,1.6,2.4,.677,.600,0.4,0.5,.833,0.7,2.7,3.4,0.8,0.5,0.2,0.4,1.5,5.5
78,Jalen Brunson\brunsja01,PG,24,DAL,56,11,25.4,4.8,9.1,.522,1.1,2.9,.387,3.6,6.2,.585,.583,1.9,2.4,.787,0.5,3.1,3.6,3.5,0.5,0.0,1.2,1.6,12.5
79,Thomas Bryant\bryanth01,C,23,WAS,10,10,27.1,5.9,9.1,.648,0.9,2.1,.429,5.0,7.0,.714,.698,1.6,2.4,.667,1.8,4.3,6.1,1.5,0.4,0.8,1.1,3.1,14.3
80,Reggie Bullock\bullore01,SF,29,NYK,55,54,28.9,3.7,8.4,.443,2.4,5.9,.409,1.3,2.5,.522,.587,0.6,0.7,.897,0.2,3.1,3.3,1.5,0.8,0.2,0.7,2.3,10.5
81,Trey Burke\burketr01,PG,28,DAL,50,0,14.6,2.5,5.6,.450,1.0,2.7,.365,1.5,2.9,.531,.539,0.7,0.8,.850,0.1,0.8,0.9,1.4,0.6,0.1,0.5,1.0,6.7
82,Alec Burks\burksal01,SG,29,NYK,44,5,25.8,4.2,10.1,.414,2.0,5.0,.408,2.2,5.1,.420,.515,2.2,2.5,.865,0.4,4.1,4.5,2.2,0.7,0.3,1.0,2.1,12.6
83,Jimmy Butler\butleji01,SF,31,MIA,45,45,33.9,7.1,14.4,.494,0.4,2.0,.213,6.7,12.4,.538,.508,6.9,8.0,.861,1.8,5.2,7.0,7.3,2.1,0.4,2.2,1.4,21.5
84,Bruno Caboclo\cabocbr01,PF,25,HOU,6,0,6.0,1.3,2.8,.471,0.0,0.8,.000,1.3,2.0,.667,.471,0.2,0.3,.500,0.5,1.8,2.3,0.2,0.0,0.3,0.7,1.0,2.8
85,Devontae Cacok\cacokde01,PF,24,LAL,17,1,5.2,1.0,1.6,.630,0.0,0.0,,1.0,1.6,.630,.630,0.2,0.5,.444,0.6,1.2,1.8,0.1,0.3,0.2,0.3,0.5,2.2
86,Kentavious Caldwell-Pope\caldwke01,SG,27,LAL,56,56,27.5,3.3,7.6,.433,1.8,4.3,.421,1.5,3.3,.448,.553,1.3,1.5,.857,0.4,2.3,2.7,1.6,0.8,0.3,1.0,1.6,9.7
87,Facundo Campazzo\campafa01,PG,29,DEN,55,9,20.1,1.6,4.4,.375,1.1,3.1,.367,0.5,1.3,.394,.504,0.9,1.1,.845,0.3,1.3,1.7,3.1,1.1,0.2,1.0,2.1,5.3
88,Vlatko Čančar\cancavl01,PF,23,DEN,34,0,5.4,0.5,1.3,.419,0.1,0.6,.227,0.4,0.6,.619,.477,0.2,0.2,.875,0.2,0.9,1.1,0.3,0.3,0.1,0.4,0.4,1.4
89,Devin Cannady\cannade01,PG,24,ORL,8,0,9.3,1.4,3.5,.393,0.8,2.0,.375,0.6,1.5,.417,.500,0.8,0.9,.857,0.0,0.6,0.6,0.1,0.6,0.1,0.3,1.1,4.3
90,Clint Capela\capelca01,C,26,ATL,54,54,30.5,6.7,11.3,.595,0.0,0.0,,6.7,11.3,.595,.595,2.1,3.6,.583,4.8,9.9,14.7,0.8,0.7,2.1,1.2,2.3,15.5
91,Vernon Carey Jr.\careyve01,C,19,CHO,15,4,6.3,0.9,1.9,.500,0.1,0.5,.143,0.9,1.4,.619,.518,0.5,0.6,.889,0.2,1.2,1.4,0.1,0.1,0.3,0.3,0.7,2.5
92,Jevon Carter\carteje01,PG,25,PHO,49,0,11.1,1.4,3.4,.417,0.9,2.5,.369,0.5,0.9,.543,.551,0.0,0.1,.500,0.2,1.2,1.4,1.1,0.4,0.2,0.2,1.0,3.8
93,Wendell Carter Jr.\cartewe01,C,21,TOT,47,37,25.7,4.5,8.5,.526,0.3,0.9,.333,4.2,7.6,.549,.544,2.6,3.5,.732,2.4,5.8,8.2,2.0,0.7,0.8,1.5,2.8,11.8
93,Wendell Carter Jr.\cartewe01,C,21,CHI,32,25,24.8,4.0,7.9,.512,0.3,0.7,.364,3.8,7.2,.526,.528,2.6,3.5,.739,2.2,5.6,7.8,2.2,0.6,0.8,1.5,3.0,10.9
93,Wendell Carter Jr.\cartewe01,C,21,ORL,15,12,27.6,5.5,9.9,.550,0.4,1.3,.300,5.1,8.6,.589,.570,2.5,3.5,.717,2.9,6.1,9.1,1.6,1.0,0.9,1.4,2.3,13.9
94,Michael Carter-Williams\cartemi01,SG,29,ORL,31,25,25.8,3.4,8.7,.389,0.5,2.0,.246,2.9,6.7,.431,.417,1.6,2.6,.613,1.3,3.2,4.5,4.2,0.8,0.5,2.2,2.6,8.8
95,Alex Caruso\carusal01,PG,26,LAL,51,0,20.4,2.1,4.8,.432,0.9,2.3,.405,1.1,2.5,.457,.529,0.8,1.2,.683,0.5,2.4,2.9,2.5,1.1,0.3,1.2,1.8,5.9
96,Willie Cauley-Stein\caulewi01,C,27,DAL,41,11,17.2,2.3,3.6,.628,0.0,0.2,.111,2.2,3.4,.662,.632,1.1,1.7,.629,1.2,3.1,4.3,0.7,0.4,0.8,0.5,2.3,5.6
97,Chris Chiozza\chiozch01,PG,25,BRK,22,1,10.5,1.4,4.0,.352,0.6,1.9,.310,0.8,2.1,.391,.426,0.6,0.8,.765,0.1,1.0,1.1,3.0,0.3,0.3,0.7,0.9,4.0
98,Marquese Chriss\chrisma01,PF,23,GSW,2,0,13.5,2.5,7.0,.357,0.5,2.5,.200,2.0,4.5,.444,.393,1.0,2.0,.500,1.5,5.0,6.5,1.0,0.0,1.0,1.0,1.5,6.5
99,Gary Clark\clarkga01,SF,26,TOT,37,11,17.3,1.1,3.5,.305,0.8,2.9,.287,0.2,0.6,.391,.424,0.2,0.3,.800,0.9,2.2,3.1,0.8,0.3,0.2,0.5,0.9,3.2
99,Gary Clark\clarkga01,SF,26,ORL,35,11,18.2,1.1,3.7,.305,0.9,3.1,.287,0.3,0.7,.391,.424,0.2,0.3,.800,0.9,2.3,3.2,0.9,0.3,0.2,0.5,1.0,3.4
99,Gary Clark\clarkga01,SF,26,DEN,2,0,2.0,0.0,0.0,,0.0,0.0,,0.0,0.0,,,0.0,0.0,,0.0,0.5,0.5,0.0,0.0,0.0,0.0,0.0,0.0
100,Brandon Clarke\clarkbr01,PF,24,MEM,50,16,24.9,4.5,8.7,.517,0.4,1.3,.288,4.1,7.4,.558,.539,1.3,1.9,.674,1.4,4.0,5.4,1.7,1.0,0.9,0.6,1.5,10.7
101,Jordan Clarkson\clarkjo01,SG,28,UTA,57,1,26.0,6.4,15.2,.418,3.0,8.7,.344,3.4,6.5,.518,.517,1.7,1.8,.924,0.7,3.2,4.0,2.3,0.9,0.2,1.7,1.5,17.4
102,Nicolas Claxton\claxtni01,C,21,BRK,25,1,18.5,2.8,4.8,.583,0.0,0.2,.200,2.8,4.6,.600,.588,0.9,1.8,.500,1.4,3.6,5.0,1.1,0.8,1.2,0.6,2.1,6.6
103,Amir Coffey\coffeam01,SG,23,LAC,43,1,9.2,1.0,2.4,.437,0.5,1.3,.411,0.5,1.1,.468,.549,0.6,0.9,.711,0.2,0.8,1.0,0.5,0.2,0.0,0.3,0.7,3.3
104,John Collins\collijo01,PF,23,ATL,53,53,29.9,7.0,12.6,.551,1.2,3.2,.374,5.8,9.4,.611,.599,2.7,3.2,.835,2.1,5.6,7.7,1.3,0.5,1.0,1.2,3.1,17.8
105,Mike Conley\conlemi01,PG,33,UTA,49,49,29.8,5.7,12.7,.446,2.7,6.7,.407,2.9,6.0,.490,.554,2.4,2.8,.853,0.7,2.7,3.4,6.0,1.4,0.2,2.0,1.9,16.4
106,Pat Connaughton\connapa01,SG,28,MIL,57,3,23.1,2.6,5.7,.451,1.5,3.9,.388,1.1,1.8,.588,.584,0.5,0.6,.743,1.0,3.8,4.8,1.2,0.7,0.3,0.5,1.5,7.1
107,Quinn Cook\cookqu01,PG,27,TOT,23,0,6.8,1.3,3.0,.426,0.5,1.1,.423,0.8,1.8,.429,.507,0.3,0.3,.875,0.1,0.7,0.7,0.8,0.2,0.0,0.3,0.4,3.3
107,Quinn Cook\cookqu01,PG,27,LAL,16,0,3.9,0.8,1.6,.462,0.3,0.8,.385,0.4,0.8,.538,.558,0.3,0.3,.800,0.0,0.3,0.3,0.3,0.1,0.1,0.2,0.1,2.1
107,Quinn Cook\cookqu01,PG,27,CLE,7,0,13.6,2.4,6.0,.405,0.9,1.9,.462,1.6,4.1,.379,.476,0.4,0.4,1.000,0.3,1.4,1.7,1.9,0.4,0.0,0.6,1.1,6.1
108,Tyler Cook\cookty01,SF-PF,23,TOT,22,1,11.6,1.5,2.6,.596,0.0,0.0,.000,1.5,2.5,.607,.596,0.4,0.9,.474,0.8,1.7,2.5,0.5,0.2,0.0,0.7,1.0,3.5
108,Tyler Cook\cookty01,PF,23,BRK,4,0,4.3,0.3,0.8,.333,0.0,0.0,,0.3,0.8,.333,.333,0.0,0.0,,0.3,0.3,0.5,0.5,0.0,0.0,0.3,0.5,0.5
108,Tyler Cook\cookty01,SF,23,DET,18,1,13.2,1.8,3.0,.611,0.0,0.1,.000,1.8,2.9,.623,.611,0.5,1.1,.474,0.9,2.1,2.9,0.5,0.3,0.0,0.8,1.1,4.2
109,DeMarcus Cousins\couside01,C,30,TOT,34,11,18.3,3.1,7.8,.396,1.3,3.7,.339,1.8,4.1,.449,.477,1.6,2.2,.711,1.4,5.6,7.0,2.1,0.7,0.6,1.7,2.7,9.0
109,DeMarcus Cousins\couside01,C,30,HOU,25,11,20.2,3.2,8.4,.376,1.6,4.6,.336,1.6,3.8,.426,.469,1.8,2.4,.746,1.2,6.4,7.6,2.4,0.8,0.7,1.6,3.0,9.6
109,DeMarcus Cousins\couside01,C,30,LAC,9,0,12.9,2.9,6.1,.473,0.4,1.2,.364,2.4,4.9,.500,.509,1.1,1.9,.588,1.8,3.4,5.2,1.2,0.3,0.3,2.1,1.9,7.3
110,Robert Covington\covinro01,PF,30,POR,58,58,32.2,3.0,7.4,.407,1.9,5.1,.380,1.1,2.3,.466,.538,0.8,0.9,.830,0.8,5.8,6.7,1.7,1.5,1.2,1.1,2.7,8.7
111,Torrey Craig\craigto01,SF,30,TOT,39,1,14.3,1.9,3.9,.483,0.7,1.8,.380,1.2,2.1,.575,.573,0.3,0.4,.750,1.0,2.6,3.6,0.9,0.6,0.4,0.5,1.5,4.7
111,Torrey Craig\craigto01,SF,30,MIL,18,0,11.2,1.0,2.6,.391,0.4,1.2,.364,0.6,1.3,.417,.478,0.1,0.1,.500,0.7,1.7,2.4,0.9,0.5,0.4,0.3,1.3,2.5
111,Torrey Craig\craigto01,SF,30,PHO,21,1,17.0,2.6,5.0,.524,0.9,2.3,.388,1.7,2.7,.643,.614,0.5,0.7,.786,1.2,3.4,4.6,1.0,0.6,0.4,0.6,1.7,6.7
112,Jae Crowder\crowdja01,PF,30,PHO,55,39,27.4,3.3,8.1,.401,2.4,6.2,.381,0.9,1.9,.467,.547,0.9,1.2,.761,0.5,4.3,4.8,2.1,0.8,0.4,0.9,2.0,9.8
113,Jarrett Culver\culveja01,SG,21,MIN,34,7,14.7,2.0,4.9,.411,0.4,1.6,.245,1.6,3.4,.487,.449,0.9,1.4,.604,1.0,2.1,3.1,0.7,0.5,0.3,0.8,1.7,5.3
114,Seth Curry\curryse01,SG,30,PHI,48,48,28.8,4.4,9.8,.448,2.0,4.8,.422,2.4,5.0,.473,.551,1.3,1.4,.896,0.2,1.9,2.1,2.8,0.8,0.2,1.2,1.7,12.0
115,Stephen Curry\curryst01,PG,32,GSW,53,53,34.1,10.2,20.9,.489,5.2,12.1,.427,5.1,8.9,.574,.612,5.6,6.1,.917,0.5,5.2,5.6,5.8,1.2,0.1,3.4,1.8,31.3
116,Nate Darling\darlina01,SG,22,CHO,6,0,4.0,0.3,1.2,.286,0.3,1.2,.286,0.0,0.0,,.429,0.5,0.5,1.000,0.2,0.0,0.2,0.2,0.0,0.2,0.2,0.2,1.5
117,Anthony Davis\davisan02,PF,27,LAL,26,26,32.0,8.4,16.4,.513,0.7,2.7,.261,7.7,13.8,.561,.534,3.9,5.5,.711,1.9,6.1,8.0,3.0,1.2,1.7,2.0,1.7,21.4
118,Ed Davis\davised01,C,31,MIN,22,7,13.3,0.9,2.0,.432,0.0,0.0,,0.9,2.0,.432,.432,0.5,0.5,.833,2.1,3.0,5.1,1.0,0.6,0.6,0.3,2.5,2.2
119,Terence Davis\daviste02,SG,23,TOT,50,4,15.5,2.7,6.4,.420,1.4,3.8,.363,1.3,2.6,.504,.528,0.5,0.6,.806,0.2,1.8,2.1,1.1,0.5,0.2,0.9,1.4,7.2
119,Terence Davis\daviste02,SG,23,TOR,34,4,14.5,2.6,6.2,.414,1.3,3.6,.361,1.3,2.6,.489,.519,0.5,0.5,.889,0.3,1.7,1.9,1.1,0.5,0.2,0.9,1.4,6.9
119,Terence Davis\daviste02,SG,23,SAC,16,0,17.8,2.9,6.8,.431,1.6,4.3,.368,1.4,2.6,.537,.546,0.6,0.8,.692,0.2,2.1,2.3,1.1,0.6,0.3,1.1,1.3,8.0
120,Dewayne Dedmon\dedmode01,C,31,MIA,7,0,13.0,2.7,3.9,.704,0.0,0.4,.000,2.7,3.4,.792,.704,1.6,1.7,.917,2.0,3.4,5.4,0.4,0.7,0.6,0.7,1.4,7.0
121,Matthew Dellavedova\dellama01,PG,30,CLE,13,1,17.2,1.1,4.3,.250,0.3,1.9,.160,0.8,2.4,.323,.286,0.3,0.3,1.000,0.5,1.4,1.8,4.5,0.3,0.1,0.5,1.6,2.8
122,DeMar DeRozan\derozde01,PF,31,SAS,51,51,34.1,7.4,15.1,.493,0.4,1.4,.257,7.1,13.7,.516,.505,6.3,7.1,.887,0.8,3.6,4.4,7.2,0.9,0.3,2.0,2.1,21.5
123,Mamadi Diakite\diakima01,PF,24,MIL,12,0,8.5,1.0,2.4,.414,0.1,0.6,.143,0.9,1.8,.500,.431,0.5,0.5,1.000,0.5,1.8,2.3,0.5,0.3,0.4,0.3,1.0,2.6
124,Hamidou Diallo\diallha01,SG-SF,22,TOT,47,5,22.7,4.0,8.6,.468,0.4,1.3,.339,3.6,7.3,.491,.494,2.3,3.6,.641,1.2,3.7,4.9,2.0,0.8,0.4,1.4,2.6,10.9
124,Hamidou Diallo\diallha01,SG,22,OKC,32,5,23.8,4.5,9.3,.481,0.4,1.3,.293,4.1,8.0,.512,.502,2.6,4.1,.629,1.2,4.0,5.2,2.4,1.0,0.4,1.5,2.6,11.9
124,Hamidou Diallo\diallha01,SF,22,DET,15,0,20.3,3.1,7.3,.431,0.6,1.4,.429,2.5,5.9,.432,.472,1.7,2.5,.684,1.2,3.2,4.4,1.1,0.5,0.5,1.3,2.5,8.6
125,Gorgui Dieng\dienggo01,C,31,TOT,29,1,14.8,2.1,4.2,.512,0.9,1.9,.455,1.3,2.3,.561,.616,1.5,1.8,.846,1.1,2.8,3.9,1.1,0.7,0.5,0.8,1.6,6.7
125,Gorgui Dieng\dienggo01,C,31,MEM,22,1,16.9,2.5,4.9,.519,1.0,2.2,.479,1.5,2.7,.550,.625,1.7,2.0,.884,1.3,3.2,4.5,1.3,0.8,0.6,1.0,1.7,7.9
125,Gorgui Dieng\dienggo01,C,31,SAS,7,0,8.4,0.9,1.9,.462,0.3,1.0,.286,0.6,0.9,.667,.538,0.9,1.3,.667,0.6,1.7,2.3,0.6,0.3,0.1,0.3,1.1,2.9
126,Spencer Dinwiddie\dinwisp01,SG,27,BRK,3,3,21.3,2.0,5.3,.375,0.7,2.3,.286,1.3,3.0,.444,.438,2.0,2.0,1.000,0.0,4.3,4.3,3.0,0.7,0.3,1.7,1.3,6.7
127,Donte DiVincenzo\divindo01,SG,24,MIL,56,56,27.4,3.8,9.2,.415,1.9,5.1,.378,1.9,4.1,.461,.520,0.8,1.0,.737,1.3,4.3,5.6,3.1,1.1,0.2,1.4,1.6,10.3
128,Luka Dončić\doncilu01,PG,21,DAL,55,55,35.2,10.0,20.8,.482,3.0,8.4,.358,7.0,12.5,.565,.554,5.3,7.3,.726,0.8,7.2,8.0,8.7,1.0,0.6,4.3,2.3,28.4
129,Luguentz Dort\dortlu01,SG,21,OKC,46,46,29.7,4.8,12.0,.402,2.1,6.2,.346,2.7,5.8,.461,.491,2.2,3.0,.741,0.7,3.0,3.7,1.6,1.0,0.4,1.5,2.5,14.0
130,Damyean Dotson\dotsoda01,SG,26,CLE,36,6,18.9,2.5,6.4,.396,0.9,3.3,.286,1.6,3.1,.514,.470,0.6,0.9,.676,0.1,1.9,2.1,2.1,0.4,0.1,0.8,0.9,6.6
131,Devon Dotson\dotsode01,PG,21,CHI,6,0,3.7,0.5,1.2,.429,0.0,0.2,.000,0.5,1.0,.500,.429,0.0,0.0,,0.3,0.2,0.5,0.3,0.2,0.0,0.0,0.2,1.0
132,Sekou Doumbouya\doumbse01,PF,20,DET,48,4,13.4,1.5,4.2,.347,0.5,1.9,.244,1.0,2.3,.429,.401,0.6,0.9,.738,0.5,1.6,2.2,0.7,0.4,0.1,0.7,1.5,4.0
133,PJ Dozier\doziepj01,SG,24,DEN,46,2,21.2,2.9,6.8,.422,0.9,2.8,.326,2.0,4.0,.489,.489,0.9,1.3,.645,0.7,3.0,3.7,1.8,0.7,0.5,0.9,1.7,7.6
134,Goran Dragić\dragigo01,PG,34,MIA,41,11,26.5,4.6,10.6,.433,1.6,4.6,.349,3.0,6.0,.498,.509,2.1,2.5,.817,0.5,3.1,3.5,4.4,0.7,0.2,2.4,2.2,12.9
135,Andre Drummond\drumman01,C,27,TOT,35,35,28.0,6.4,13.4,.479,0.0,0.2,.000,6.4,13.2,.487,.479,2.9,4.7,.616,3.6,9.0,12.6,2.3,1.6,1.1,3.0,3.1,15.7
135,Andre Drummond\drumman01,C,27,CLE,25,25,28.9,7.2,15.2,.474,0.0,0.3,.000,7.2,14.9,.484,.474,3.1,5.2,.597,4.0,9.4,13.5,2.6,1.6,1.2,3.2,2.8,17.5
135,Andre Drummond\drumman01,C,27,LAL,10,10,25.7,4.5,9.0,.500,0.0,0.0,,4.5,9.0,.500,.500,2.4,3.5,.686,2.6,7.8,10.4,1.7,1.6,0.9,2.4,3.8,11.4
136,Jared Dudley\dudleja01,PF,35,LAL,11,0,6.9,0.2,0.6,.286,0.2,0.5,.400,0.0,0.2,.000,.429,0.0,0.0,,0.4,1.4,1.7,0.5,0.1,0.1,0.2,0.6,0.5
137,Kris Dunn\dunnkr01,PG,26,ATL,1,0,13.0,0.0,5.0,.000,0.0,1.0,.000,0.0,4.0,.000,.000,0.0,0.0,,0.0,1.0,1.0,0.0,1.0,1.0,1.0,3.0,0.0
138,Kevin Durant\duranke01,PF,32,BRK,25,22,32.5,9.4,17.3,.544,2.5,5.4,.467,6.9,11.9,.579,.617,6.2,7.1,.870,0.4,6.3,6.7,5.2,0.6,1.3,3.6,2.0,27.5
139,Anthony Edwards\edwaran01,SG,19,MIN,62,45,31.5,6.6,16.5,.400,2.3,7.1,.319,4.3,9.4,.461,.468,2.8,3.5,.784,0.8,3.7,4.5,2.7,1.2,0.4,2.1,1.7,18.3
140,Carsen Edwards\edwarca01,SG,22,BOS,25,1,8.5,1.6,3.4,.453,0.5,1.8,.283,1.0,1.6,.650,.529,0.3,0.4,.778,0.1,0.8,0.9,0.4,0.2,0.0,0.2,0.9,3.9
141,CJ Elleby\ellebcj01,SF,20,POR,21,0,7.3,0.9,2.3,.388,0.3,1.3,.222,0.6,1.0,.591,.449,0.3,0.5,.636,0.4,0.7,1.0,0.2,0.3,0.1,0.1,1.0,2.4
142,Henry Ellenson\ellenhe01,PF,24,TOR,2,0,19.0,2.5,7.0,.357,1.0,4.5,.222,1.5,2.5,.600,.429,1.5,2.0,.750,1.5,4.5,6.0,2.5,0.0,0.0,0.0,3.5,7.5
143,Wayne Ellington\ellinwa01,SG,33,DET,44,30,21.9,3.2,7.3,.445,2.5,5.9,.421,0.8,1.4,.550,.616,0.6,0.8,.800,0.3,1.6,1.9,1.4,0.4,0.2,0.7,1.3,9.6
144,Joel Embiid\embiijo01,C,26,PHI,42,42,31.9,9.4,18.2,.514,1.2,3.2,.376,8.2,15.0,.543,.546,9.9,11.6,.850,2.2,8.7,11.0,3.1,1.0,1.4,3.1,2.4,29.8
145,James Ennis\ennisja01,SF,30,ORL,39,35,24.3,2.9,6.1,.475,1.1,2.6,.436,1.7,3.5,.504,.568,1.7,2.1,.815,1.1,3.0,4.1,1.5,0.8,0.2,0.8,2.1,8.6
146,Drew Eubanks\eubandr01,C,23,SAS,42,1,13.9,2.1,3.7,.571,0.0,0.0,1.000,2.1,3.6,.569,.575,1.4,2.1,.690,1.2,3.0,4.3,0.9,0.4,1.0,0.9,1.5,5.6
147,Dante Exum\exumda01,SG,25,CLE,6,3,19.3,1.7,4.3,.385,0.3,1.8,.182,1.3,2.5,.533,.423,0.2,0.3,.500,0.3,2.5,2.8,2.2,0.7,0.3,1.2,1.5,3.8
148,Tacko Fall\fallta01,C,25,BOS,15,0,6.7,1.2,1.6,.750,0.0,0.0,,1.2,1.6,.750,.750,0.3,0.9,.308,0.7,1.8,2.5,0.1,0.1,0.8,0.3,1.1,2.7
149,Derrick Favors\favorde01,C,29,UTA,57,0,15.4,2.2,3.6,.618,0.0,0.0,.000,2.2,3.6,.624,.618,0.9,1.3,.740,2.1,3.4,5.5,0.7,0.5,1.0,0.6,2.2,5.4
150,Cristiano Felício\feliccr01,C,28,CHI,13,0,4.5,0.3,0.5,.571,0.0,0.1,.000,0.3,0.5,.667,.571,0.5,0.8,.600,0.5,0.6,1.1,0.6,0.2,0.0,0.3,0.5,1.1
151,Terrance Ferguson\fergute01,SG,22,PHI,13,0,3.8,0.1,0.5,.143,0.0,0.4,.000,0.1,0.2,.500,.143,0.0,0.0,,0.0,0.1,0.1,0.2,0.1,0.0,0.3,0.5,0.2
152,Bruno Fernando\fernabr01,C,22,ATL,28,0,6.5,0.4,1.0,.429,0.0,0.1,.000,0.4,0.9,.462,.429,0.4,0.6,.667,0.5,1.8,2.3,0.3,0.1,0.1,0.7,0.7,1.3
153,Yogi Ferrell\ferreyo01,PG,27,TOT,4,0,17.3,3.0,7.8,.387,1.5,3.8,.400,1.5,4.0,.375,.484,0.8,1.3,.600,0.8,1.3,2.0,3.5,1.0,0.3,0.8,1.3,8.3
153,Yogi Ferrell\ferreyo01,PG,27,CLE,2,0,20.0,4.0,10.5,.381,1.5,4.5,.333,2.5,6.0,.417,.452,0.0,1.0,.000,1.5,2.0,3.5,2.5,1.5,0.5,1.5,2.0,9.5
153,Yogi Ferrell\ferreyo01,PG,27,LAC,2,0,14.5,2.0,5.0,.400,1.5,3.0,.500,0.5,2.0,.250,.550,1.5,1.5,1.000,0.0,0.5,0.5,4.5,0.5,0.0,0.0,0.5,7.0
154,Dorian Finney-Smith\finnedo01,PF,27,DAL,49,49,32.3,3.6,7.8,.458,2.0,5.1,.387,1.6,2.7,.590,.584,0.5,0.6,.806,1.8,3.8,5.6,1.6,0.9,0.4,0.6,2.4,9.6
155,Malik Fitts\fittsma01,PF,23,LAC,3,0,3.7,0.3,1.0,.333,0.3,0.7,.500,0.0,0.3,.000,.500,0.0,0.0,,0.0,1.0,1.0,0.0,0.0,0.0,0.0,1.0,1.0
156,Malachi Flynn\flynnma01,PG,22,TOR,36,6,16.9,2.1,5.9,.363,0.9,2.8,.324,1.2,3.1,.400,.441,0.8,0.9,.794,0.2,1.8,2.1,2.6,0.8,0.1,0.8,1.2,5.9
157,Bryn Forbes\forbebr01,SG,27,MIL,59,9,19.1,3.4,7.4,.454,2.1,4.8,.433,1.3,2.6,.494,.594,0.7,0.9,.769,0.2,1.3,1.4,0.6,0.3,0.0,0.6,1.1,9.5
158,Trent Forrest\forretr01,PG,22,UTA,19,0,5.7,0.4,1.1,.400,0.0,0.2,.000,0.4,0.9,.471,.400,0.1,0.1,1.000,0.0,0.4,0.4,1.1,0.2,0.1,0.4,0.3,0.9
159,Evan Fournier\fournev01,SF-SG,28,TOT,32,26,29.5,5.8,13.0,.446,2.6,6.8,.389,3.2,6.3,.507,.547,3.2,4.0,.798,0.2,2.5,2.7,3.4,1.0,0.4,1.9,2.1,17.5
159,Evan Fournier\fournev01,SF,28,ORL,26,26,30.3,6.5,14.2,.461,2.8,7.2,.388,3.7,7.0,.536,.560,3.8,4.7,.797,0.2,2.7,2.9,3.7,1.0,0.3,2.1,2.1,19.7
159,Evan Fournier\fournev01,SG,28,BOS,6,0,26.2,2.7,8.0,.333,1.8,4.7,.393,0.8,3.3,.250,.448,0.8,1.0,.833,0.2,1.8,2.0,2.2,1.0,0.7,1.2,2.2,8.0
160,De'Aaron Fox\foxde01,PG,23,SAC,58,58,35.1,9.1,19.1,.477,1.8,5.5,.322,7.3,13.6,.539,.523,5.2,7.2,.719,0.6,2.9,3.5,7.2,1.5,0.5,3.0,2.9,25.2
161,Robert Franks\frankro01,PF,24,ORL,7,0,14.4,1.9,4.0,.464,0.7,2.1,.333,1.1,1.9,.615,.554,1.7,1.9,.923,0.9,1.1,2.0,0.7,0.4,0.4,0.3,1.1,6.1
162,Tim Frazier\fraziti01,PG,30,MEM,3,0,11.0,0.7,2.7,.250,0.0,0.7,.000,0.7,2.0,.333,.250,0.0,0.0,,0.0,1.3,1.3,2.3,0.3,0.0,1.0,1.3,1.3
163,Markelle Fultz\fultzma01,PG,22,ORL,8,8,26.9,5.1,13.0,.394,0.5,2.0,.250,4.6,11.0,.420,.413,2.1,2.4,.895,0.6,2.5,3.1,5.4,1.0,0.3,2.3,2.3,12.9
164,Wenyen Gabriel\gabriwe01,PF,23,NOP,11,0,7.2,0.7,1.9,.381,0.4,0.9,.400,0.4,1.0,.364,.476,0.4,0.6,.571,0.7,1.0,1.7,0.7,0.2,0.2,0.8,0.5,2.2
165,Daniel Gafford\gaffoda01,PF-C,22,TOT,43,11,14.0,2.6,3.9,.671,0.0,0.0,,2.6,3.9,.671,.671,1.2,1.9,.639,1.6,2.5,4.1,0.5,0.5,1.4,0.7,1.7,6.4
165,Daniel Gafford\gaffoda01,PF,22,CHI,31,11,12.4,1.9,2.8,.690,0.0,0.0,,1.9,2.8,.690,.690,0.9,1.3,.659,1.4,1.9,3.3,0.5,0.4,1.1,0.7,1.7,4.7
165,Daniel Gafford\gaffoda01,C,22,WAS,12,0,18.2,4.3,6.7,.650,0.0,0.0,,4.3,6.7,.650,.650,2.2,3.5,.619,2.1,3.9,6.0,0.5,0.8,2.2,0.8,1.7,10.8
166,Danilo Gallinari\gallida01,PF,32,ATL,42,4,23.9,4.0,9.3,.426,2.1,5.1,.403,1.9,4.2,.455,.537,3.5,3.7,.935,0.3,3.7,4.0,1.4,0.5,0.2,0.9,2.0,13.5
167,Langston Galloway\gallola01,SG,29,PHO,35,0,10.9,1.6,3.5,.467,0.9,2.0,.451,0.7,1.5,.490,.598,0.5,0.5,1.000,0.1,0.9,1.0,0.7,0.2,0.0,0.3,0.7,4.7
168,Darius Garland\garlada01,PG,21,CLE,51,48,33.7,6.8,15.0,.453,2.0,4.9,.406,4.8,10.1,.476,.520,2.1,2.5,.849,0.5,2.0,2.5,6.2,1.2,0.1,3.0,2.1,17.7
169,Marc Gasol\gasolma01,C,36,LAL,45,42,19.5,1.8,4.0,.444,1.0,2.5,.387,0.8,1.5,.536,.564,0.8,1.0,.739,0.8,3.3,4.1,2.1,0.5,1.2,1.2,2.2,5.3
170,Rudy Gay\gayru01,PF,34,SAS,52,0,21.7,4.1,9.8,.416,1.6,4.2,.379,2.5,5.6,.444,.497,1.3,1.7,.802,0.7,4.2,4.9,1.5,0.7,0.6,1.0,1.9,11.1
171,Paul George\georgpa01,SF,30,LAC,47,47,33.4,8.4,17.6,.476,3.2,7.6,.424,5.2,10.1,.516,.568,3.7,4.1,.892,0.9,5.6,6.5,5.3,1.2,0.5,3.3,2.4,23.7
172,Taj Gibson\gibsota01,PF,35,NYK,35,2,20.3,2.1,3.4,.622,0.1,0.4,.214,2.0,3.0,.676,.634,0.9,1.3,.689,2.2,3.2,5.4,0.7,0.8,0.9,0.6,2.1,5.2
173,Harry Giles\gilesha01,C,22,POR,30,0,10.3,1.1,2.5,.427,0.2,0.5,.467,0.8,2.0,.417,.473,0.5,0.7,.682,1.0,3.0,3.9,0.8,0.2,0.3,0.6,1.7,2.9
174,Shai Gilgeous-Alexander\gilgesh01,SG,22,OKC,35,35,33.7,8.2,16.1,.508,2.0,4.9,.418,6.2,11.3,.547,.571,5.3,6.5,.808,0.5,4.2,4.7,5.9,0.8,0.7,3.0,2.0,23.7
175,Anthony Gill\gillan01,PF,28,WAS,21,2,6.9,0.9,1.8,.514,0.2,0.9,.278,0.7,0.9,.737,.581,0.2,0.3,.667,0.6,1.3,2.0,0.3,0.3,0.1,0.3,0.8,2.2
176,Freddie Gillespie\gillefr01,PF,23,TOR,9,0,16.6,2.2,3.7,.606,0.0,0.0,,2.2,3.7,.606,.606,1.2,1.3,.917,1.6,1.9,3.4,0.6,0.4,1.1,0.7,2.2,5.7
177,Rudy Gobert\goberru01,C,28,UTA,60,60,31.1,5.5,8.2,.676,0.0,0.1,.000,5.5,8.1,.680,.676,3.4,5.5,.617,3.4,10.1,13.5,1.3,0.5,2.8,1.6,2.4,14.5
178,Brandon Goodwin\goodwbr01,PG,25,ATL,43,4,13.2,1.8,4.8,.380,0.7,2.2,.313,1.1,2.5,.440,.454,0.6,1.0,.659,0.2,1.3,1.5,2.0,0.3,0.0,0.7,0.8,5.0
179,Aaron Gordon\gordoaa01,PF,25,TOT,41,41,28.2,4.9,10.4,.465,1.4,3.9,.358,3.5,6.6,.528,.532,2.1,3.3,.647,1.5,4.4,5.9,3.5,0.7,0.7,2.1,1.8,13.2
179,Aaron Gordon\gordoaa01,PF,25,ORL,25,25,29.4,5.1,11.7,.437,1.7,4.5,.375,3.4,7.2,.475,.509,2.6,4.2,.629,1.6,5.1,6.6,4.2,0.6,0.8,2.7,2.0,14.6
179,Aaron Gordon\gordoaa01,PF,25,DEN,16,16,26.2,4.4,8.4,.526,0.9,2.9,.319,3.5,5.5,.636,.581,1.4,1.9,.710,1.4,3.4,4.8,2.4,0.8,0.6,1.3,1.5,11.2
180,Eric Gordon\gordoer01,SG,32,HOU,27,13,29.2,5.9,13.6,.433,2.6,7.8,.329,3.3,5.8,.573,.527,3.5,4.2,.825,0.3,1.9,2.1,2.6,0.5,0.5,1.9,1.6,17.8
181,Devonte' Graham\grahade01,PG,25,CHO,48,42,29.9,4.5,12.1,.373,3.1,8.5,.370,1.4,3.6,.380,.503,2.0,2.5,.824,0.4,2.3,2.6,5.4,0.9,0.1,1.5,1.4,14.2
182,Jerami Grant\grantje01,SF,26,DET,53,53,34.1,7.5,17.4,.428,2.2,6.1,.354,5.3,11.3,.469,.491,5.4,6.4,.849,0.7,4.0,4.6,2.8,0.7,1.1,2.0,2.3,22.5
183,Danny Green\greenda02,SF,33,PHI,59,59,28.3,3.3,7.8,.420,2.6,6.2,.414,0.7,1.6,.443,.583,0.5,0.6,.771,0.8,2.9,3.7,1.7,1.3,0.8,1.0,1.8,9.6
184,Draymond Green\greendr01,PF,30,GSW,53,53,30.9,2.5,6.0,.422,0.5,2.1,.248,2.0,4.0,.512,.464,1.0,1.3,.779,0.9,5.9,6.8,8.8,1.6,0.8,3.0,3.1,6.6
185,JaMychal Green\greenja01,PF,30,DEN,48,4,18.7,3.0,6.3,.470,1.4,3.4,.410,1.6,3.0,.538,.579,0.8,0.9,.844,1.5,3.4,4.9,0.8,0.5,0.4,0.9,2.5,8.1
186,Javonte Green\greenja02,SG-PG,27,TOT,31,2,12.2,1.3,2.5,.513,0.2,0.7,.304,1.1,1.8,.600,.558,0.7,1.0,.688,0.7,1.2,1.9,0.4,0.6,0.1,0.5,1.1,3.5
186,Javonte Green\greenja02,SG,27,BOS,25,2,13.8,1.6,2.8,.549,0.3,0.9,.318,1.3,2.0,.653,.599,0.8,1.2,.667,0.8,1.3,2.1,0.4,0.7,0.1,0.5,1.3,4.2
186,Javonte Green\greenja02,PG,27,CHI,6,0,5.5,0.2,1.2,.143,0.0,0.2,.000,0.2,1.0,.167,.143,0.3,0.3,1.000,0.3,0.8,1.2,0.3,0.3,0.3,0.7,0.5,0.7
187,Jeff Green\greenje02,C,34,BRK,57,33,27.0,3.6,7.7,.475,1.4,3.5,.386,2.3,4.1,.551,.564,1.7,2.2,.780,0.5,3.3,3.7,1.6,0.6,0.4,0.8,1.8,10.4
188,Josh Green\greenjo02,SG,20,DAL,29,5,10.3,0.9,2.1,.435,0.1,0.6,.118,0.9,1.6,.556,.452,0.3,0.5,.600,0.7,1.3,1.9,0.5,0.3,0.1,0.5,0.7,2.2
189,Blake Griffin\griffbl01,PF,31,TOT,35,23,26.9,3.7,9.1,.403,1.5,4.7,.327,2.1,4.4,.484,.488,2.1,2.9,.730,0.6,4.4,4.9,3.3,0.7,0.3,1.5,2.3,11.0
189,Blake Griffin\griffbl01,PF,31,DET,20,20,31.3,4.1,11.1,.365,2.0,6.2,.315,2.1,4.9,.429,.453,2.2,3.1,.710,0.4,4.9,5.2,3.9,0.7,0.1,1.6,2.1,12.3
189,Blake Griffin\griffbl01,PF,31,BRK,15,3,21.0,3.2,6.5,.490,1.0,2.7,.366,2.2,3.8,.579,.566,1.9,2.5,.763,0.9,3.7,4.6,2.5,0.8,0.5,1.3,2.6,9.3
190,Kyle Guy\guyky01,PG,23,SAC,24,0,7.0,1.0,2.7,.369,0.4,1.5,.286,0.6,1.3,.467,.446,0.5,0.5,.846,0.2,0.9,1.0,0.9,0.2,0.0,0.3,0.6,2.9
191,Rui Hachimura\hachiru01,PF,22,WAS,48,48,31.8,5.2,11.1,.470,0.8,2.5,.322,4.4,8.6,.512,.506,2.3,3.0,.762,0.9,4.8,5.7,1.5,0.8,0.1,1.3,2.2,13.5
192,Ashton Hagans\haganas01,PG,21,MIN,2,0,2.0,0.0,0.0,,0.0,0.0,,0.0,0.0,,,0.0,0.0,,0.0,0.0,0.0,0.0,0.0,0.0,0.5,0.0,0.0
193,Tyrese Haliburton\halibty01,PG,20,SAC,55,17,30.1,5.0,10.6,.470,2.1,5.1,.406,2.9,5.5,.530,.568,0.8,0.9,.846,0.7,2.3,3.0,5.2,1.3,0.5,1.5,1.5,12.8
194,Donta Hall\halldo01,PF,23,ORL,5,0,11.8,1.4,2.0,.700,0.0,0.0,,1.4,2.0,.700,.700,1.4,2.2,.636,1.8,2.0,3.8,1.2,0.6,1.2,0.4,0.8,4.2
195,Josh Hall\halljo01,SF,20,OKC,14,0,12.4,0.6,3.2,.200,0.1,1.4,.100,0.5,1.8,.280,.222,1.2,2.1,.586,0.1,1.9,2.0,1.3,0.0,0.0,1.1,1.5,2.6
196,R.J. Hampton\hamptrj01,PG-SG,19,TOT,41,1,14.7,2.0,4.8,.426,0.4,1.4,.271,1.6,3.3,.493,.467,0.7,1.0,.674,0.5,2.2,2.7,1.0,0.4,0.1,0.9,1.2,5.1
196,R.J. Hampton\hamptrj01,PG,19,DEN,25,0,9.3,1.0,2.4,.417,0.2,0.7,.278,0.8,1.7,.476,.458,0.4,0.5,.750,0.4,1.6,2.0,0.6,0.2,0.1,0.4,0.9,2.6
196,R.J. Hampton\hamptrj01,SG,19,ORL,16,1,23.1,3.6,8.4,.430,0.7,2.6,.268,2.9,5.9,.500,.470,1.3,1.9,.645,0.6,3.2,3.8,1.6,0.8,0.3,1.6,1.7,9.2
197,Tim Hardaway Jr.\hardati02,SG,28,DAL,59,22,28.3,5.5,12.8,.431,2.8,7.4,.376,2.7,5.4,.506,.540,1.8,2.3,.791,0.3,3.0,3.3,1.7,0.4,0.2,0.9,1.5,15.6
198,James Harden\hardeja01,PG-SG,31,TOT,42,42,37.1,8.0,17.2,.463,2.8,7.8,.358,5.2,9.4,.549,.544,6.5,7.5,.870,0.8,7.2,8.0,10.9,1.2,0.7,4.1,2.3,25.2
198,James Harden\hardeja01,SG,31,HOU,8,8,36.3,7.5,16.9,.444,3.1,9.0,.347,4.4,7.9,.556,.537,6.6,7.5,.883,0.6,4.5,5.1,10.4,0.9,0.8,4.3,1.8,24.8
198,James Harden\hardeja01,PG,31,BRK,34,34,37.3,8.1,17.3,.467,2.7,7.5,.361,5.4,9.8,.548,.545,6.5,7.5,.867,0.9,7.8,8.7,11.0,1.3,0.7,4.1,2.4,25.4
199,Maurice Harkless\harklma01,PF-SF,27,TOT,27,13,18.8,1.6,3.6,.438,0.6,1.9,.308,1.0,1.6,.591,.521,0.8,1.0,.808,0.4,1.7,2.1,0.9,0.7,0.5,0.5,2.1,4.5
199,Maurice Harkless\harklma01,SF,27,MIA,11,3,11.3,0.5,1.2,.385,0.5,1.0,.455,0.0,0.2,.000,.577,0.0,0.2,.000,0.2,1.0,1.2,0.6,0.2,0.4,0.3,1.3,1.4
199,Maurice Harkless\harklma01,PF,27,SAC,16,10,23.9,2.3,5.2,.446,0.7,2.6,.268,1.6,2.6,.619,.512,1.3,1.5,.875,0.5,2.2,2.7,1.1,1.1,0.6,0.7,2.7,6.6
200,Jared Harper\harpeja01,PG,23,NYK,4,0,2.3,0.0,0.5,.000,0.0,0.0,,0.0,0.5,.000,.000,0.5,0.5,1.000,0.0,0.0,0.0,0.0,0.0,0.0,0.5,0.0,0.5
201,Montrezl Harrell\harremo01,C,27,LAL,60,1,24.0,5.7,9.2,.621,0.0,0.2,.000,5.7,9.0,.633,.621,2.6,3.7,.718,2.4,4.1,6.6,1.1,0.7,0.7,1.1,1.9,14.0
202,Gary Harris\harriga01,SG,26,TOT,28,27,29.5,3.5,8.8,.397,1.3,3.7,.337,2.3,5.1,.441,.468,2.0,2.5,.812,0.6,1.5,2.1,1.9,0.8,0.3,0.9,1.9,10.3
202,Gary Harris\harriga01,SG,26,DEN,19,19,30.6,3.6,8.2,.442,1.3,3.9,.320,2.4,4.3,.556,.519,1.2,1.6,.733,0.7,1.8,2.5,1.7,0.9,0.2,0.7,1.9,9.7
202,Gary Harris\harriga01,SG,26,ORL,9,8,27.3,3.2,10.1,.319,1.2,3.2,.379,2.0,6.9,.290,.379,3.8,4.3,.872,0.4,1.0,1.4,2.2,0.6,0.3,1.1,1.8,11.4
203,Jalen Harris\harrija01,SG,22,TOR,4,0,3.5,0.3,1.0,.250,0.3,0.5,.500,0.0,0.5,.000,.375,0.0,0.0,,0.3,0.5,0.8,0.5,0.3,0.0,0.3,0.5,0.8
204,Joe Harris\harrijo01,SF,29,BRK,61,57,30.9,5.3,10.3,.513,3.1,6.5,.482,2.1,3.8,.565,.665,0.8,1.0,.780,0.6,2.9,3.6,1.9,0.7,0.2,0.8,2.0,14.4
205,Tobias Harris\harrito02,PF,28,PHI,52,52,32.9,7.8,15.1,.519,1.4,3.4,.404,6.4,11.6,.552,.564,3.0,3.4,.887,0.9,6.1,7.1,3.6,1.0,0.9,1.9,2.0,20.0
206,Shaquille Harrison\harrish01,SG,27,TOT,23,0,6.2,0.6,1.6,.378,0.0,0.2,.000,0.6,1.4,.424,.378,0.3,0.3,.875,0.2,0.6,0.7,0.5,0.3,0.0,0.3,0.5,1.5
206,Shaquille Harrison\harrish01,SG,27,UTA,17,0,3.3,0.4,1.2,.300,0.0,0.1,.000,0.4,1.1,.333,.300,0.3,0.4,.833,0.2,0.4,0.5,0.5,0.1,0.0,0.3,0.2,1.0
206,Shaquille Harrison\harrish01,SG,27,DEN,6,0,14.3,1.3,2.8,.471,0.0,0.3,.000,1.3,2.5,.533,.471,0.3,0.3,1.000,0.2,1.2,1.3,0.5,1.0,0.0,0.3,1.3,3.0
207,Josh Hart\hartjo01,SF,25,NOP,47,4,28.7,3.2,7.3,.439,1.3,4.1,.326,1.9,3.2,.583,.531,1.5,1.9,.775,1.1,6.9,8.0,2.3,0.8,0.3,1.0,2.4,9.2
208,Isaiah Hartenstein\harteis01,C,22,TOT,44,2,12.1,2.0,3.6,.570,0.0,0.1,.400,2.0,3.5,.575,.576,1.0,1.6,.638,1.4,2.6,4.0,1.1,0.4,0.9,1.0,2.3,5.1
208,Isaiah Hartenstein\harteis01,C,22,DEN,30,0,9.1,1.4,2.7,.513,0.0,0.0,,1.4,2.7,.513,.513,0.7,1.2,.611,1.3,1.5,2.8,0.5,0.4,0.7,0.7,2.0,3.5
208,Isaiah Hartenstein\harteis01,C,22,CLE,14,2,18.6,3.5,5.6,.628,0.1,0.4,.400,3.4,5.2,.644,.641,1.6,2.4,.667,1.6,4.9,6.6,2.4,0.5,1.3,1.5,2.9,8.7
209,Jaxson Hayes\hayesja02,C,20,NOP,49,3,14.9,2.5,3.8,.647,0.1,0.1,.429,2.4,3.7,.656,.655,1.3,1.7,.765,1.3,2.6,3.9,0.5,0.4,0.5,0.6,1.8,6.3
210,Killian Hayes\hayeski01,PG,19,DET,17,10,22.8,2.4,6.9,.339,0.5,2.2,.243,1.8,4.8,.383,.377,0.5,0.5,.889,0.3,1.9,2.2,4.4,1.1,0.4,2.8,2.0,5.7
211,Gordon Hayward\haywago01,SF,30,CHO,44,44,34.0,7.1,15.0,.473,1.9,4.7,.415,5.1,10.3,.499,.537,3.5,4.2,.843,0.8,5.0,5.9,4.1,1.2,0.3,2.1,1.7,19.6
212,Juan Hernangómez\hernaju01,PF,25,MIN,43,6,16.7,2.4,5.4,.446,1.0,3.0,.320,1.5,2.4,.600,.534,1.2,1.8,.671,0.8,3.0,3.9,0.6,0.4,0.1,0.5,1.0,7.0
213,Willy Hernangómez\hernawi01,C,26,NOP,37,3,16.0,2.8,5.0,.559,0.0,0.2,.111,2.8,4.8,.582,.562,1.0,1.6,.655,2.3,4.1,6.4,0.9,0.4,0.5,0.6,1.2,6.7
214,Tyler Herro\herroty01,SG,21,MIA,48,14,30.7,5.6,13.1,.427,1.9,5.5,.344,3.7,7.6,.488,.499,1.9,2.3,.809,0.5,4.4,4.9,3.4,0.7,0.4,1.9,1.3,14.9
215,Buddy Hield\hieldbu01,SG,28,SAC,60,60,34.3,5.7,14.0,.408,4.0,10.3,.392,1.7,3.7,.455,.552,1.3,1.5,.843,0.4,4.2,4.5,3.2,0.8,0.4,1.7,2.6,16.7
216,George Hill\hillge01,PG,34,TOT,19,16,24.3,3.8,7.5,.507,1.3,3.2,.393,2.5,4.3,.593,.592,1.3,1.6,.800,0.6,1.4,2.0,2.7,0.8,0.3,1.0,0.9,10.1
216,George Hill\hillge01,PG,34,OKC,14,14,26.4,4.4,8.6,.508,1.6,4.1,.386,2.8,4.5,.619,.600,1.5,1.8,.840,0.6,1.5,2.1,3.1,0.9,0.1,0.9,0.9,11.8
216,George Hill\hillge01,PG,34,PHI,5,2,18.6,2.2,4.4,.500,0.4,0.8,.500,1.8,3.6,.500,.545,0.6,1.0,.600,0.6,1.2,1.8,1.6,0.6,0.6,1.4,1.0,5.4
217,Solomon Hill\hillso01,PF,29,ATL,61,12,21.5,1.6,4.4,.361,1.0,3.2,.321,0.6,1.2,.461,.476,0.4,0.6,.735,0.6,2.4,3.0,1.0,0.8,0.2,0.6,1.7,4.6
218,Nate Hinton\hintona01,SG,21,DAL,14,0,3.4,0.6,1.4,.400,0.1,0.4,.167,0.5,1.0,.500,.425,0.3,0.4,.667,0.1,0.3,0.4,0.3,0.3,0.1,0.3,0.2,1.5
219,Jaylen Hoard\hoardja01,SF,21,OKC,11,0,16.5,2.0,4.5,.449,0.0,0.5,.000,2.0,3.9,.512,.449,1.6,2.3,.720,1.4,2.1,3.5,0.8,0.6,0.2,1.3,1.5,5.6
220,Aaron Holiday\holidaa01,PG,24,IND,58,6,16.9,2.5,6.5,.387,1.0,2.8,.373,1.5,3.7,.398,.467,0.9,1.1,.803,0.2,1.0,1.2,1.6,0.6,0.2,0.9,1.5,7.0
221,Jrue Holiday\holidjr01,PG,30,MIL,48,45,31.9,6.8,13.5,.506,1.9,4.6,.399,5.0,8.8,.563,.575,1.7,2.1,.810,1.2,3.3,4.5,5.7,1.8,0.5,2.1,1.6,17.2
222,Justin Holiday\holidju01,SG,31,IND,60,48,30.9,3.6,8.9,.404,2.4,6.5,.375,1.2,2.4,.483,.540,0.9,1.2,.783,0.5,3.2,3.7,1.6,1.2,0.5,0.8,1.9,10.5
223,Rondae Hollis-Jefferson\holliro01,PF,26,POR,5,1,12.6,0.8,2.0,.400,0.0,0.2,.000,0.8,1.8,.444,.400,1.8,2.8,.643,1.4,1.2,2.6,1.6,0.4,0.6,0.4,2.0,3.4
224,Richaun Holmes\holmeri01,C,27,SAC,52,52,29.7,6.0,9.3,.644,0.0,0.2,.200,5.9,9.1,.654,.647,2.3,2.9,.793,2.5,6.3,8.8,1.6,0.7,1.6,1.2,3.6,14.3
225,Rodney Hood\hoodro01,SF,28,TOT,49,5,18.2,1.8,5.1,.363,0.7,2.2,.306,1.2,2.9,.407,.429,0.4,0.5,.826,0.4,1.5,1.9,1.1,0.4,0.1,0.7,1.4,4.7
225,Rodney Hood\hoodro01,SF,28,POR,38,5,19.1,1.9,5.3,.363,0.7,2.2,.298,1.3,3.1,.410,.425,0.2,0.3,.750,0.5,1.4,1.9,1.2,0.5,0.1,0.8,1.6,4.7
225,Rodney Hood\hoodro01,SF,28,TOR,11,0,14.9,1.5,4.3,.362,0.7,2.2,.333,0.8,2.1,.391,.447,0.9,1.0,.909,0.3,1.5,1.8,0.5,0.1,0.3,0.4,1.0,4.7
226,Al Horford\horfoal01,C,34,OKC,28,28,27.9,5.8,12.9,.450,2.0,5.4,.368,3.8,7.4,.510,.528,0.6,0.8,.818,1.0,5.7,6.7,3.4,0.9,0.9,1.0,1.7,14.2
227,Talen Horton-Tucker\hortota01,SG,20,LAL,56,3,19.6,3.4,7.5,.447,0.6,2.1,.265,2.8,5.4,.516,.483,1.5,1.8,.796,0.4,2.3,2.7,2.5,0.9,0.4,1.4,1.9,8.7
228,Danuel House\houseda01,SF,27,HOU,32,21,27.0,3.2,7.8,.407,1.6,4.4,.359,1.6,3.3,.472,.510,1.2,1.8,.661,0.6,3.3,3.8,1.8,0.6,0.4,0.9,1.9,9.1
229,Dwight Howard\howardw01,C,35,PHI,59,5,17.4,2.5,4.2,.586,0.1,0.3,.235,2.4,3.9,.612,.594,1.7,3.1,.572,2.7,5.7,8.4,0.8,0.5,0.9,1.7,3.0,6.8
230,Markus Howard\howarma02,SG,21,DEN,30,0,3.3,0.4,1.7,.260,0.2,1.2,.171,0.2,0.5,.467,.320,0.0,0.1,.500,0.0,0.4,0.4,0.4,0.1,0.0,0.3,0.5,1.1
231,Kevin Huerter\huertke01,SG,22,ATL,62,47,31.3,4.7,10.7,.440,2.1,5.7,.366,2.6,5.1,.522,.537,0.8,1.0,.790,0.6,2.7,3.3,3.5,1.2,0.2,1.2,2.4,12.3
232,Elijah Hughes\hugheel01,SF,22,UTA,13,0,3.5,0.6,1.7,.364,0.5,1.3,.353,0.2,0.4,.400,.500,0.2,0.3,.750,0.0,0.5,0.5,0.3,0.1,0.1,0.5,0.1,1.9
233,De'Andre Hunter\huntede01,SF,23,ATL,20,18,31.3,5.6,11.2,.502,1.6,4.4,.356,4.1,6.8,.596,.572,3.3,3.8,.867,0.8,4.3,5.1,2.1,0.9,0.5,1.4,2.7,16.0
234,Chandler Hutchison\hutchch01,SF,24,TOT,14,0,13.2,1.4,3.9,.345,0.3,1.0,.286,1.1,2.9,.366,.382,0.8,0.9,.846,0.3,3.1,3.4,0.6,0.3,0.0,1.0,1.4,3.8
234,Chandler Hutchison\hutchch01,SF,24,CHI,7,0,9.1,0.7,2.6,.278,0.1,0.4,.333,0.6,2.1,.267,.306,0.3,0.3,1.000,0.1,2.7,2.9,0.6,0.1,0.0,0.7,1.3,1.9
234,Chandler Hutchison\hutchch01,SF,24,WAS,7,0,17.3,2.0,5.3,.378,0.4,1.6,.273,1.6,3.7,.423,.419,1.3,1.6,.818,0.4,3.4,3.9,0.7,0.4,0.0,1.3,1.4,5.7
235,Serge Ibaka\ibakase01,C,31,LAC,39,39,23.6,4.5,8.9,.507,1.0,2.8,.352,3.5,6.1,.577,.562,0.9,1.2,.822,1.7,4.9,6.7,1.7,0.2,1.2,1.1,1.9,10.9
236,Andre Iguodala\iguodan01,SF,37,MIA,54,4,21.5,1.6,4.2,.381,1.0,3.1,.329,0.6,1.0,.536,.504,0.4,0.6,.647,0.6,3.0,3.6,2.2,1.0,0.6,1.0,1.4,4.6
237,Ersan İlyasova\ilyaser01,PF,33,UTA,11,1,8.9,1.4,3.3,.417,1.1,2.5,.429,0.3,0.7,.375,.583,0.3,0.3,1.000,0.4,1.4,1.7,0.2,0.8,0.2,0.4,1.8,4.1
238,Joe Ingles\inglejo01,SF,33,UTA,56,19,27.5,4.1,8.2,.508,2.8,5.9,.477,1.3,2.2,.589,.682,1.1,1.3,.847,0.4,3.3,3.7,4.4,0.7,0.2,1.6,1.8,12.2
239,Brandon Ingram\ingrabr01,SF,23,NOP,56,56,34.4,8.5,18.1,.470,2.4,6.2,.383,6.2,12.0,.516,.535,4.7,5.3,.886,0.6,4.4,5.0,4.9,0.7,0.6,2.5,2.0,24.2
240,Kyrie Irving\irvinky01,PG,28,BRK,45,45,35.2,10.3,20.4,.507,2.7,6.9,.390,7.6,13.5,.566,.573,4.0,4.3,.923,1.0,3.9,5.0,6.5,1.3,0.6,2.5,2.6,27.3
241,Wesley Iwundu\iwundwe01,SF,26,TOT,36,4,13.3,0.9,2.4,.352,0.1,1.1,.128,0.7,1.4,.531,.381,0.7,0.8,.828,0.3,1.9,2.2,0.4,0.4,0.1,0.5,1.3,2.5
241,Wesley Iwundu\iwundwe01,SF,26,DAL,23,3,12.5,0.7,2.3,.327,0.1,1.0,.130,0.6,1.3,.483,.356,0.5,0.6,.857,0.3,1.7,1.9,0.4,0.4,0.1,0.3,1.1,2.1
241,Wesley Iwundu\iwundwe01,SF,26,NOP,13,1,14.5,1.1,2.8,.389,0.2,1.2,.125,0.9,1.5,.600,.417,0.9,1.2,.800,0.4,2.2,2.6,0.4,0.4,0.1,0.8,1.5,3.2
242,Frank Jackson\jacksfr01,PG,22,DET,33,4,16.8,3.0,6.5,.465,1.5,3.5,.414,1.5,2.9,.526,.577,1.3,1.6,.792,0.4,1.6,2.0,0.7,0.2,0.0,0.8,1.2,8.7
243,Jaren Jackson Jr.\jacksja02,C,21,MEM,3,0,21.0,5.7,11.7,.486,0.7,3.7,.182,5.0,8.0,.625,.514,4.0,5.3,.750,1.3,4.7,6.0,1.0,0.3,1.7,1.0,4.7,16.0
244,Josh Jackson\jacksjo02,SG,23,DET,56,21,25.0,4.9,11.6,.427,1.3,4.1,.304,3.7,7.5,.495,.481,2.5,3.4,.731,0.9,3.1,4.0,2.2,0.9,0.7,2.2,2.9,13.7
245,Justin Jackson\jacksju01,SF,25,OKC,33,3,16.5,2.6,6.4,.406,1.0,3.4,.306,1.6,3.1,.515,.486,0.9,1.1,.857,0.4,1.7,2.2,1.5,0.5,0.1,0.9,0.9,7.2
246,Reggie Jackson\jacksre01,SG,30,LAC,59,37,22.7,3.9,8.6,.451,1.7,3.9,.439,2.2,4.7,.462,.551,1.1,1.3,.805,0.4,2.5,2.9,3.2,0.6,0.1,1.1,2.0,10.5
247,Justin James\jamesju01,SF,24,SAC,26,0,5.8,0.7,1.6,.429,0.2,0.7,.294,0.5,1.0,.520,.488,0.2,0.5,.417,0.1,0.3,0.4,0.6,0.1,0.0,0.2,0.4,1.8
248,LeBron James\jamesle01,PG,36,LAL,41,41,33.9,9.5,18.4,.513,2.4,6.5,.368,7.1,12.0,.592,.578,4.1,5.8,.703,0.6,7.3,7.9,7.9,1.0,0.6,3.7,1.6,25.4
249,Mike James\jamesmi02,PG,30,BRK,2,0,14.0,1.5,4.5,.333,0.5,1.0,.500,1.0,3.5,.286,.389,1.5,3.0,.500,0.5,1.0,1.5,1.5,0.5,0.0,0.5,0.0,5.0
250,DaQuan Jeffries\jeffrda01,SG,23,TOT,24,2,13.0,1.2,3.1,.387,0.5,1.6,.282,0.8,1.5,.500,.460,0.3,0.3,.857,0.5,1.2,1.8,0.4,0.3,0.3,0.3,1.2,3.1
250,DaQuan Jeffries\jeffrda01,SG,23,SAC,18,2,12.9,1.3,3.2,.421,0.5,1.6,.321,0.8,1.6,.517,.500,0.3,0.4,.857,0.5,1.1,1.6,0.3,0.4,0.2,0.4,1.3,3.5
250,DaQuan Jeffries\jeffrda01,SG,23,HOU,6,0,13.3,0.8,3.0,.278,0.3,1.8,.182,0.5,1.2,.429,.333,0.0,0.0,,0.7,1.5,2.2,0.5,0.2,0.5,0.0,0.8,2.0
251,Ty Jerome\jeromty01,SG,23,OKC,28,1,24.3,3.7,8.6,.432,2.1,5.3,.401,1.6,3.4,.479,.554,0.7,1.0,.741,0.4,2.4,2.8,3.6,0.6,0.1,1.4,1.7,10.3
252,Isaiah Joe\joeis01,SG,21,PHI,33,1,9.2,1.0,3.1,.320,0.8,2.4,.325,0.2,0.7,.304,.447,0.4,0.5,.750,0.2,0.7,0.9,0.5,0.2,0.1,0.2,0.8,3.2
253,Alize Johnson\johnsal02,PF,24,BRK,12,0,10.6,2.5,4.1,.612,0.1,0.4,.200,2.4,3.7,.659,.622,0.3,0.3,1.000,1.5,3.1,4.6,0.8,0.3,0.2,0.7,0.8,5.3
254,Cameron Johnson\johnsca02,PF,24,PHO,55,11,23.9,3.5,8.0,.438,2.1,5.5,.370,1.5,2.5,.588,.566,0.8,0.9,.865,0.5,2.7,3.2,1.5,0.6,0.3,0.7,1.4,9.9
255,James Johnson\johnsja01,PF,33,TOT,40,6,20.1,2.7,6.1,.442,0.6,2.4,.260,2.1,3.7,.562,.494,0.9,1.3,.642,0.6,2.7,3.3,2.0,0.9,0.9,1.1,2.3,6.8
255,James Johnson\johnsja01,PF,33,DAL,29,1,17.4,2.3,5.0,.462,0.5,2.1,.250,1.8,2.9,.612,.514,0.6,1.0,.586,0.5,2.5,3.0,1.7,0.8,0.8,0.9,2.0,5.7
255,James Johnson\johnsja01,PF,33,NOP,11,5,27.2,3.6,8.8,.412,0.9,3.3,.278,2.7,5.5,.492,.464,1.5,2.2,.708,0.7,3.4,4.1,2.7,0.9,1.3,1.5,3.0,9.7
256,Keldon Johnson\johnske04,SF,21,SAS,57,55,28.7,5.0,10.3,.483,0.9,2.7,.342,4.1,7.6,.532,.527,2.0,2.8,.723,1.5,4.9,6.4,1.8,0.6,0.4,1.1,2.1,12.9
257,Stanley Johnson\johnsst04,PF,24,TOR,51,6,14.5,1.2,2.9,.396,0.6,1.7,.352,0.5,1.2,.459,.500,0.5,0.6,.828,0.4,1.9,2.3,1.2,0.8,0.3,0.8,1.7,3.4
258,Tyler Johnson\johnsty01,SG,28,BRK,32,2,16.8,1.8,4.6,.401,1.3,3.3,.381,0.6,1.3,.452,.537,0.5,0.6,.842,0.2,1.7,1.9,1.0,0.4,0.0,0.4,1.0,5.4
259,Nikola Jokić\jokicni01,C,25,DEN,61,61,35.2,10.2,18.1,.567,1.4,3.3,.409,8.9,14.7,.603,.605,4.3,5.1,.858,2.9,8.1,11.0,8.7,1.4,0.6,3.2,2.7,26.2
260,Damian Jones\jonesda03,C,25,TOT,28,8,10.7,1.1,1.6,.696,0.0,0.0,.000,1.1,1.6,.711,.696,0.9,1.2,.727,0.8,1.5,2.4,0.3,0.2,0.5,0.6,1.8,3.1
260,Damian Jones\jonesda03,C,25,PHO,14,0,6.7,0.6,1.1,.500,0.0,0.1,.000,0.6,1.1,.533,.500,0.4,0.8,.545,0.5,0.8,1.3,0.3,0.1,0.4,0.4,1.4,1.6
260,Damian Jones\jonesda03,C,25,LAL,8,6,14.0,2.0,2.1,.941,0.0,0.0,,2.0,2.1,.941,.941,1.4,1.5,.917,1.0,2.3,3.3,0.1,0.1,0.9,0.6,2.8,5.4
260,Damian Jones\jonesda03,C,25,SAC,6,2,15.5,1.3,2.2,.615,0.0,0.0,,1.3,2.2,.615,.615,1.2,1.7,.700,1.3,2.3,3.7,0.7,0.5,0.5,1.0,1.5,3.8
261,Derrick Jones Jr.\jonesde02,SF,23,POR,53,42,23.8,2.6,5.5,.478,0.8,2.5,.323,1.8,3.0,.606,.551,1.0,1.6,.640,1.4,2.4,3.8,0.8,0.7,1.0,0.5,2.2,7.1
262,Mason Jones\jonesma05,SG,22,TOT,32,1,10.4,1.6,3.8,.423,0.8,2.1,.364,0.9,1.8,.491,.520,1.3,2.0,.625,0.2,1.5,1.7,1.3,0.2,0.0,0.9,0.8,5.3
262,Mason Jones\jonesma05,SG,22,HOU,26,1,11.8,1.8,4.4,.412,0.9,2.5,.359,0.9,1.9,.480,.513,1.3,2.2,.614,0.2,1.8,2.0,1.5,0.2,0.0,1.1,0.8,5.8
262,Mason Jones\jonesma05,SG,22,PHI,6,0,4.5,0.8,1.5,.556,0.2,0.3,.500,0.7,1.2,.571,.611,0.8,1.2,.714,0.5,0.2,0.7,0.5,0.2,0.0,0.2,0.3,2.7
263,Tre Jones\jonestr01,PG,21,SAS,29,0,5.4,0.8,1.7,.458,0.1,0.1,.667,0.7,1.6,.444,.479,0.3,0.3,1.000,0.2,0.3,0.4,0.7,0.2,0.0,0.4,0.3,1.9
264,Tyus Jones\jonesty01,PG,24,MEM,58,8,18.4,2.8,6.3,.438,0.7,2.2,.312,2.1,4.2,.502,.490,0.6,0.6,.917,0.3,1.8,2.1,3.9,1.0,0.1,0.7,0.5,6.8
265,DeAndre Jordan\jordade01,C,32,BRK,53,41,22.3,3.5,4.4,.779,0.0,0.0,.000,3.5,4.4,.782,.779,0.8,1.5,.506,2.0,5.5,7.5,1.7,0.3,1.2,1.5,2.1,7.7
266,Cory Joseph\josepco01,PG,29,TOT,60,10,22.7,3.1,6.5,.469,0.7,2.1,.344,2.4,4.5,.528,.524,1.2,1.4,.812,0.6,1.9,2.5,3.2,1.0,0.3,1.2,2.2,8.0
266,Cory Joseph\josepco01,PG,29,SAC,44,2,21.5,2.5,5.7,.444,0.7,2.1,.330,1.8,3.5,.513,.506,0.8,1.1,.766,0.6,1.7,2.3,2.5,0.9,0.2,1.0,2.2,6.6
266,Cory Joseph\josepco01,PG,29,DET,16,8,26.1,4.6,8.9,.514,0.8,1.9,.387,3.8,6.9,.550,.556,2.1,2.4,.868,0.5,2.6,3.1,5.4,1.2,0.4,1.8,2.1,11.9
267,Mfiondu Kabengele\kabenmf01,PF,23,TOT,28,0,4.5,0.4,1.4,.300,0.2,0.8,.217,0.3,0.6,.412,.363,0.3,0.3,.875,0.0,0.6,0.7,0.3,0.1,0.1,0.3,0.9,1.3
267,Mfiondu Kabengele\kabenmf01,PF,23,LAC,23,0,4.1,0.4,1.4,.281,0.2,0.8,.222,0.2,0.6,.357,.344,0.2,0.3,.833,0.0,0.6,0.6,0.2,0.1,0.1,0.3,0.8,1.2
267,Mfiondu Kabengele\kabenmf01,PF,23,CLE,5,0,6.6,0.6,1.6,.375,0.2,1.0,.200,0.4,0.6,.667,.438,0.4,0.4,1.000,0.0,1.0,1.0,0.4,0.4,0.2,0.2,1.2,1.8
268,Frank Kaminsky\kaminfr01,C,27,PHO,36,13,14.4,2.3,5.1,.462,0.8,1.9,.397,1.6,3.2,.500,.536,0.7,1.2,.605,0.7,2.9,3.6,1.6,0.4,0.4,0.5,1.3,6.1
269,Enes Kanter\kanteen01,C,28,POR,60,35,25.8,5.0,8.2,.611,0.0,0.0,.000,5.0,8.1,.613,.611,1.9,2.4,.781,4.1,7.3,11.4,1.3,0.5,0.7,1.2,2.5,11.9
270,Luke Kennard\kennalu01,SG,24,LAC,56,15,19.9,3.2,6.6,.477,1.6,3.6,.460,1.5,3.1,.497,.601,0.4,0.5,.828,0.3,2.5,2.7,1.7,0.4,0.2,0.8,1.5,8.4
271,Maxi Kleber\klebima01,PF,29,DAL,44,37,27.3,2.3,5.5,.417,1.7,4.2,.413,0.5,1.3,.429,.575,0.7,0.8,.914,0.9,4.4,5.3,1.3,0.5,0.7,0.7,2.3,7.0
272,Nathan Knight\knighna01,PF,23,ATL,28,0,8.1,1.0,2.8,.367,0.2,0.9,.192,0.9,1.9,.453,.399,1.3,1.6,.822,0.8,1.2,2.0,0.2,0.3,0.3,0.5,0.7,3.6
273,Kevin Knox\knoxke01,SF,21,NYK,38,0,11.9,1.4,3.6,.399,0.9,2.3,.391,0.6,1.3,.412,.522,0.4,0.5,.778,0.3,1.3,1.6,0.5,0.3,0.2,0.4,1.0,4.2
274,John Konchar\konchjo01,SG,24,MEM,35,0,13.4,1.4,3.0,.457,0.4,1.2,.366,0.9,1.8,.516,.529,0.6,0.7,.833,0.7,2.1,2.8,1.1,0.9,0.2,0.5,1.0,3.7
275,Furkan Korkmaz\korkmfu01,SG,23,PHI,48,10,19.8,3.2,7.9,.408,1.9,4.9,.381,1.3,2.9,.454,.528,1.2,1.6,.734,0.3,1.8,2.0,1.4,0.9,0.2,0.9,1.2,9.5
276,Luke Kornet\kornelu01,PF-C,25,TOT,24,0,9.4,1.0,2.7,.385,0.5,1.9,.283,0.5,0.8,.632,.485,0.1,0.3,.500,0.3,1.5,1.8,0.6,0.1,0.8,0.1,0.5,2.8
276,Luke Kornet\kornelu01,PF,25,CHI,13,0,7.2,0.7,2.1,.333,0.5,1.8,.261,0.2,0.3,.750,.444,0.2,0.3,.500,0.1,1.1,1.2,0.3,0.2,0.5,0.1,0.1,2.0
276,Luke Kornet\kornelu01,C,25,BOS,11,0,11.9,1.5,3.5,.421,0.6,2.1,.304,0.8,1.4,.600,.513,0.1,0.2,.500,0.5,1.9,2.5,0.9,0.0,1.0,0.2,0.9,3.6
277,Rodions Kurucs\kurucro01,SF-PF,22,TOT,21,0,6.0,0.5,1.5,.344,0.3,1.0,.286,0.2,0.5,.455,.438,0.1,0.2,.750,0.2,0.9,1.1,0.5,0.4,0.2,0.6,0.8,1.5
277,Rodions Kurucs\kurucro01,PF,22,BRK,5,0,3.2,0.2,0.6,.333,0.2,0.4,.500,0.0,0.2,.000,.500,0.0,0.0,,0.0,0.6,0.6,0.4,0.0,0.0,0.0,0.2,0.6
277,Rodions Kurucs\kurucro01,SF,22,HOU,11,0,6.8,0.5,1.9,.238,0.2,1.4,.133,0.3,0.5,.500,.286,0.1,0.2,.500,0.2,0.8,1.0,0.4,0.5,0.4,0.8,0.6,1.2
277,Rodions Kurucs\kurucro01,SF,22,MIL,5,0,6.8,1.0,1.6,.625,0.6,0.8,.750,0.4,0.8,.500,.813,0.4,0.4,1.000,0.6,1.2,1.8,0.8,0.6,0.0,0.8,1.6,3.0
278,Kyle Kuzma\kuzmaky01,SF,25,LAL,58,28,28.5,4.9,11.3,.438,2.0,5.7,.356,2.9,5.6,.520,.527,0.9,1.4,.675,1.7,4.7,6.4,1.7,0.5,0.6,1.7,1.8,12.9
279,Anthony Lamb\lamban01,SF,23,HOU,14,0,11.9,1.3,3.9,.327,0.6,2.4,.273,0.6,1.6,.409,.409,0.4,0.5,.857,1.1,1.2,2.3,0.4,0.1,0.1,0.4,1.3,3.6
280,Jeremy Lamb\lambje01,SG,28,IND,36,8,21.3,3.3,7.7,.435,1.4,3.6,.406,1.9,4.1,.459,.529,2.0,2.1,.947,0.7,2.9,3.6,1.5,0.9,0.6,0.6,2.0,10.1
281,Romeo Langford\langfro01,SG,21,BOS,12,3,15.1,0.8,2.8,.294,0.3,1.0,.333,0.5,1.8,.273,.353,0.3,0.3,1.000,0.8,1.3,2.1,0.7,0.3,0.3,0.6,1.3,2.3
282,Zach LaVine\lavinza01,SG,25,CHI,53,53,35.2,9.8,19.4,.506,3.4,8.2,.416,6.4,11.2,.572,.594,4.4,5.2,.848,0.6,4.5,5.1,5.1,0.8,0.5,3.6,2.3,27.5
283,Jake Layman\laymaja01,SF,26,MIN,42,11,14.3,2.1,4.2,.497,0.5,1.7,.288,1.6,2.4,.647,.557,0.6,0.9,.703,0.3,1.2,1.5,0.7,0.7,0.4,0.6,1.0,5.3
284,Jalen Lecque\lecquja01,PG,20,IND,4,0,3.0,0.3,2.3,.111,0.0,0.3,.000,0.3,2.0,.125,.111,0.8,0.8,1.000,0.5,0.8,1.3,0.5,0.0,0.0,0.0,0.0,1.3
285,Damion Lee\leeda03,SG,28,GSW,57,1,18.9,2.2,4.8,.467,1.4,3.4,.397,0.9,1.4,.638,.608,0.7,0.8,.909,0.4,2.8,3.2,1.3,0.7,0.1,0.5,1.6,6.5
286,Saben Lee\leesa01,PG,21,DET,38,7,15.1,1.9,4.0,.464,0.2,0.4,.438,1.7,3.6,.467,.487,1.3,1.9,.676,0.4,1.6,2.1,3.3,0.7,0.3,1.1,1.6,5.2
287,Alex Len\lenal01,C,27,TOT,53,31,15.4,2.7,4.3,.639,0.2,0.5,.333,2.6,3.8,.675,.656,1.1,1.8,.602,1.1,2.8,3.9,0.8,0.3,1.0,1.0,2.1,6.7
287,Alex Len\lenal01,C,27,TOR,7,2,10.9,0.7,1.4,.500,0.4,0.9,.500,0.3,0.6,.500,.650,0.4,0.9,.500,0.0,1.6,1.6,0.4,0.1,0.9,1.1,1.4,2.3
287,Alex Len\lenal01,C,27,WAS,46,29,16.1,3.0,4.7,.645,0.1,0.4,.278,2.9,4.3,.678,.657,1.2,2.0,.609,1.3,3.0,4.2,0.9,0.3,1.0,1.0,2.2,7.4
288,Kawhi Leonard\leonaka01,SF,29,LAC,46,46,34.4,9.4,18.2,.516,2.0,5.0,.393,7.4,13.2,.562,.569,5.0,5.7,.878,1.1,5.5,6.7,5.1,1.7,0.4,2.0,1.7,25.7
289,Meyers Leonard\leoname01,C,28,MIA,3,2,9.7,1.0,2.3,.429,1.0,2.3,.429,0.0,0.0,,.643,0.3,0.7,.500,0.0,2.3,2.3,0.7,0.0,0.0,0.7,1.7,3.3
290,Caris LeVert\leverca01,SG,26,TOT,36,28,30.9,7.2,16.5,.434,1.6,5.5,.299,5.5,11.1,.500,.483,2.7,3.5,.778,0.8,3.7,4.5,4.8,1.5,0.5,1.9,2.1,18.7
290,Caris LeVert\leverca01,SG,26,BRK,12,4,27.8,7.3,16.7,.435,1.8,5.3,.349,5.4,11.4,.474,.490,2.2,2.8,.765,0.8,3.5,4.3,6.0,1.1,0.5,2.2,1.7,18.5
290,Caris LeVert\leverca01,SG,26,IND,24,24,32.4,7.1,16.5,.433,1.5,5.6,.276,5.6,10.9,.513,.480,3.0,3.8,.783,0.8,3.8,4.6,4.1,1.7,0.5,1.8,2.3,18.8
291,Kira Lewis Jr.\lewiski01,PG,19,NOP,43,0,16.4,2.5,6.3,.397,0.8,2.3,.354,1.7,4.0,.422,.461,0.6,0.8,.788,0.2,1.0,1.2,2.3,0.7,0.2,0.6,1.5,6.4
292,Damian Lillard\lillada01,PG,30,POR,55,55,36.0,8.8,20.3,.434,4.0,10.7,.374,4.8,9.6,.501,.533,6.8,7.3,.923,0.5,3.7,4.2,7.5,0.9,0.3,3.1,1.6,28.4
293,Nassir Little\littlna01,PF,20,POR,40,2,14.2,1.7,3.7,.466,0.7,1.9,.365,1.0,1.8,.569,.558,0.8,1.0,.825,0.8,2.2,2.9,0.5,0.1,0.3,0.4,1.2,4.9
294,Kevon Looney\looneke01,C,24,GSW,50,23,17.5,1.7,3.1,.535,0.1,0.3,.250,1.6,2.8,.567,.548,0.5,0.7,.706,1.9,2.9,4.8,1.9,0.4,0.4,0.6,2.1,3.9
295,Brook Lopez\lopezbr01,C,32,MIL,59,59,27.2,4.3,8.9,.482,1.5,4.4,.351,2.7,4.5,.610,.569,1.5,1.8,.849,1.4,3.6,4.9,0.7,0.6,1.4,0.9,2.0,11.6
296,Robin Lopez\lopezro01,C,32,WAS,60,9,19.6,3.7,5.8,.633,0.1,0.3,.278,3.6,5.5,.652,.640,1.4,2.0,.708,2.0,1.9,3.9,0.9,0.2,0.6,1.1,1.6,8.8
297,Kevin Love\loveke01,PF,32,CLE,18,18,23.1,3.9,9.9,.399,2.0,6.1,.330,1.9,3.8,.507,.500,1.8,2.3,.805,0.7,5.8,6.4,2.3,0.5,0.1,1.4,1.0,11.7
298,Kyle Lowry\lowryky01,PG,34,TOR,43,43,34.7,5.4,12.7,.427,2.6,7.0,.375,2.8,5.7,.490,.529,3.1,3.5,.880,0.8,4.7,5.5,7.3,1.0,0.3,2.8,3.1,16.5
299,Timothé Luwawu-Cabarrot\luwawti01,SF,25,BRK,53,7,19.0,2.3,6.4,.361,1.4,4.3,.314,1.0,2.1,.455,.466,0.6,0.8,.800,0.5,1.9,2.4,1.2,0.6,0.1,0.8,1.8,6.6
300,Trey Lyles\lylestr01,PF,25,SAS,23,9,15.6,1.9,3.9,.478,0.6,1.7,.350,1.3,2.2,.580,.556,0.7,1.0,.652,0.4,3.3,3.7,0.6,0.3,0.0,0.3,0.6,5.0
301,Will Magnay\magnawi01,C,22,NOP,1,0,3.0,0.0,1.0,.000,0.0,1.0,.000,0.0,0.0,,.000,0.0,0.0,,0.0,0.0,0.0,0.0,0.0,0.0,1.0,1.0,0.0
302,Thon Maker\makerth01,C,23,CLE,8,0,9.5,1.3,2.3,.556,0.0,0.3,.000,1.3,2.0,.625,.556,1.3,1.4,.909,1.0,1.3,2.3,0.5,0.3,0.5,0.4,0.9,3.8
303,Théo Maledon\maledth01,PG,19,OKC,55,39,27.6,3.4,9.2,.374,1.6,4.7,.352,1.8,4.5,.396,.462,1.4,1.9,.733,0.4,3.0,3.4,3.5,0.9,0.1,2.2,2.1,9.9
304,Karim Mané\maneka01,PG,20,ORL,10,0,8.8,0.3,1.3,.231,0.1,0.2,.500,0.2,1.1,.182,.269,0.4,0.5,.800,0.1,1.3,1.4,0.4,0.0,0.2,0.3,1.0,1.1
305,Terance Mann\mannte01,SG,24,LAC,60,9,19.3,2.5,5.2,.484,0.6,1.4,.422,2.0,3.9,.506,.540,1.1,1.4,.819,0.9,2.9,3.7,1.7,0.5,0.2,0.7,2.0,6.8
306,Nico Mannion\mannini01,PG,19,GSW,24,1,12.3,1.3,4.0,.337,0.8,2.1,.360,0.6,1.9,.311,.432,0.8,1.0,.800,0.1,1.3,1.4,2.2,0.6,0.0,1.0,1.0,4.3
307,Boban Marjanović\marjabo01,C,32,DAL,25,3,9.0,2.1,4.2,.500,0.0,0.2,.000,2.1,4.0,.530,.500,0.9,1.1,.786,1.6,2.6,4.2,0.3,0.0,0.2,0.4,1.0,5.1
308,Lauri Markkanen\markkla01,PF,23,CHI,41,25,26.7,5.2,10.8,.479,2.4,6.0,.394,2.8,4.8,.584,.588,1.6,1.9,.835,0.7,4.6,5.2,0.9,0.5,0.3,1.0,1.5,14.3
309,Naji Marshall\marshna01,SF,23,NOP,21,4,19.4,1.8,4.9,.363,0.7,2.1,.341,1.0,2.8,.379,.436,1.7,2.6,.648,0.3,3.4,3.7,2.6,0.7,0.3,0.8,1.8,5.9
310,Caleb Martin\martica02,SF,25,CHO,45,2,15.1,1.8,4.9,.379,0.6,2.3,.252,1.3,2.6,.491,.438,0.7,1.1,.612,0.6,2.1,2.8,1.2,0.7,0.2,0.6,1.1,4.9
311,Cody Martin\martico01,SF,25,CHO,48,6,15.9,1.6,3.5,.453,0.3,1.1,.275,1.3,2.5,.529,.494,0.5,0.8,.615,0.9,2.0,2.9,1.6,0.6,0.2,0.7,0.9,4.0
312,Kelan Martin\martike03,SF,25,IND,23,0,5.5,0.8,2.1,.388,0.3,0.9,.286,0.6,1.2,.464,.449,0.2,0.2,1.000,0.4,0.9,1.3,0.3,0.2,0.1,0.3,0.5,2.1
313,Kenyon Martin Jr.\martike04,SF,20,HOU,34,1,20.4,2.7,5.3,.508,0.4,1.2,.333,2.3,4.0,.562,.547,1.2,1.6,.714,1.6,3.0,4.6,0.6,0.6,0.9,0.6,1.7,6.9
314,Frank Mason III\masonfr01,PG,26,ORL,4,1,19.8,2.3,6.0,.375,0.5,1.3,.400,1.8,4.8,.368,.417,1.3,1.8,.714,0.8,2.3,3.0,3.0,0.0,0.0,1.3,1.8,6.3
315,Garrison Mathews\mathega01,SG,24,WAS,55,22,17.2,1.6,3.9,.411,1.2,3.2,.384,0.4,0.7,.541,.570,1.3,1.4,.897,0.3,1.2,1.5,0.5,0.5,0.1,0.2,1.7,5.7
316,Dakota Mathias\mathida01,SG,25,PHI,8,2,15.4,2.4,6.0,.396,1.0,3.3,.308,1.4,2.8,.500,.479,0.3,0.8,.333,0.1,0.8,0.9,1.6,0.1,0.4,0.1,0.9,6.0
317,Wesley Matthews\matthwe02,SG,34,LAL,50,7,19.3,1.4,4.2,.335,1.1,3.4,.321,0.3,0.9,.386,.462,0.6,0.7,.857,0.3,1.3,1.5,0.9,0.6,0.3,0.4,1.4,4.5
318,Tyrese Maxey\maxeyty01,SG,20,PHI,52,6,14.7,3.1,6.8,.455,0.4,1.6,.271,2.7,5.2,.513,.487,0.8,1.0,.860,0.2,1.3,1.5,1.7,0.4,0.2,0.7,1.2,7.5
319,Skylar Mays\mayssk01,SG,23,ATL,28,0,7.4,1.0,2.6,.384,0.4,1.1,.333,0.6,1.5,.419,.452,0.8,0.9,.880,0.3,0.6,0.9,0.8,0.5,0.0,0.3,0.5,3.1
320,Patrick McCaw\mccawpa01,SF,25,TOR,5,0,6.6,0.2,0.2,1.000,0.0,0.0,,0.2,0.2,1.000,1.000,0.6,0.6,1.000,0.2,0.4,0.6,0.8,0.4,0.0,0.0,1.2,1.0
321,CJ McCollum\mccolcj01,SG,29,POR,35,35,34.0,8.6,19.3,.446,3.7,9.6,.389,4.9,9.7,.503,.543,2.3,2.8,.825,0.7,3.5,4.2,4.8,1.1,0.5,1.4,1.9,23.3
322,T.J. McConnell\mccontj01,PG,28,IND,57,2,25.6,3.7,6.7,.561,0.2,0.6,.333,3.5,6.0,.584,.576,0.4,0.7,.658,0.7,2.9,3.6,6.6,1.8,0.4,1.9,1.6,8.1
323,Jaden McDaniels\mcdanja02,PF,20,MIN,55,21,23.5,2.6,5.9,.443,1.1,3.1,.365,1.5,2.8,.529,.538,0.4,0.7,.585,0.8,2.9,3.7,1.1,0.5,1.0,0.7,2.7,6.8
324,Jalen McDaniels\mcdanja01,SF,23,CHO,35,10,16.9,2.5,5.5,.448,0.7,2.1,.319,1.8,3.5,.525,.508,0.9,1.2,.732,0.7,2.1,2.8,1.0,0.6,0.3,1.0,1.9,6.5
325,Doug McDermott\mcderdo01,PF,29,IND,54,19,24.2,5.1,9.8,.524,1.6,4.2,.380,3.5,5.6,.633,.606,1.2,1.4,.831,1.0,2.6,3.6,1.3,0.3,0.1,0.8,1.7,13.1
326,Sean McDermott\mcderse01,SF,24,MEM,17,0,9.2,0.8,1.9,.394,0.3,1.3,.227,0.5,0.6,.727,.470,0.5,0.5,1.000,0.4,0.8,1.1,0.2,0.1,0.2,0.2,0.5,2.3
327,JaVale McGee\mcgeeja01,C,33,TOT,38,1,14.7,3.2,6.1,.524,0.1,0.6,.238,3.1,5.6,.552,.534,1.0,1.6,.644,1.6,3.4,5.1,0.9,0.5,1.1,1.4,2.5,7.6
327,JaVale McGee\mcgeeja01,C,33,CLE,33,1,15.2,3.4,6.5,.521,0.2,0.6,.250,3.2,5.9,.549,.533,1.1,1.7,.655,1.6,3.5,5.2,1.0,0.5,1.2,1.4,2.4,8.0
327,JaVale McGee\mcgeeja01,C,33,DEN,5,0,11.0,2.0,3.6,.556,0.0,0.2,.000,2.0,3.4,.588,.556,0.4,0.8,.500,1.4,3.0,4.4,0.2,0.4,0.6,1.6,3.0,4.4
328,Rodney McGruder\mcgruro01,SG,29,DET,16,2,12.1,2.3,4.4,.529,0.7,1.5,.458,1.6,2.9,.565,.607,0.4,0.5,.750,0.5,0.9,1.4,1.0,0.5,0.1,0.4,0.8,5.7
329,Alfonzo McKinnie\mckinal01,SF,28,LAL,34,0,6.5,1.1,2.2,.520,0.4,0.9,.438,0.7,1.3,.581,.613,0.3,0.5,.529,0.5,0.9,1.4,0.2,0.1,0.0,0.1,0.6,3.0
330,Jordan McLaughlin\mclaujo01,PG,24,MIN,42,2,19.0,2.0,4.9,.396,0.6,1.8,.365,1.3,3.2,.414,.461,0.4,0.6,.750,0.4,1.7,2.1,4.1,1.1,0.1,1.0,0.9,5.0
331,Ben McLemore\mclembe01,SG,27,TOT,42,5,16.9,2.6,6.9,.376,1.8,5.2,.344,0.8,1.7,.472,.505,0.9,1.2,.740,0.4,1.6,2.0,0.8,0.5,0.1,0.8,1.8,7.9
331,Ben McLemore\mclembe01,SG,27,HOU,32,4,16.8,2.5,7.0,.357,1.7,5.2,.331,0.8,1.8,.431,.480,0.7,1.0,.719,0.3,1.7,2.1,0.9,0.6,0.1,0.9,1.6,7.4
331,Ben McLemore\mclembe01,SG,27,LAL,10,1,17.4,2.9,6.6,.439,2.0,5.2,.385,0.9,1.4,.643,.591,1.4,1.8,.778,0.4,1.3,1.7,0.5,0.1,0.3,0.6,2.5,9.2
332,Nicolò Melli\mellini01,PF,30,TOT,35,4,12.4,0.8,2.8,.299,0.4,1.7,.233,0.4,1.1,.405,.371,0.3,0.3,.833,0.6,2.1,2.7,1.0,0.4,0.1,0.3,1.4,2.3
332,Nicolò Melli\mellini01,PF,30,NOP,22,0,11.0,0.7,2.7,.254,0.3,1.7,.189,0.4,1.0,.364,.314,0.3,0.3,.857,0.5,2.0,2.6,1.1,0.4,0.0,0.3,1.3,2.0
332,Nicolò Melli\mellini01,PF,30,DAL,13,4,14.9,1.1,2.9,.368,0.5,1.8,.304,0.5,1.2,.467,.461,0.3,0.4,.800,0.6,2.3,2.9,0.7,0.3,0.2,0.2,1.7,3.0
333,De'Anthony Melton\meltode01,PG,22,MEM,40,1,20.5,3.7,8.0,.463,1.9,4.1,.448,1.9,3.9,.477,.578,0.8,1.1,.767,0.7,2.6,3.2,2.7,1.3,0.5,1.2,1.8,10.1
334,Sam Merrill\merrisa01,SG,24,MIL,27,1,7.4,1.1,2.3,.484,0.7,1.5,.488,0.4,0.8,.476,.645,0.1,0.1,1.000,0.2,0.8,1.0,0.7,0.2,0.0,0.4,0.6,3.1
335,Chimezie Metu\metuch01,C,23,SAC,28,0,10.1,2.1,3.9,.556,0.1,0.5,.308,2.0,3.4,.589,.574,0.7,1.0,.690,0.9,1.6,2.5,0.6,0.3,0.6,0.6,1.6,5.1
336,Khris Middleton\middlkh01,SF,29,MIL,58,58,33.2,7.4,15.5,.478,2.2,5.1,.430,5.2,10.4,.502,.549,3.0,3.4,.892,0.8,5.1,5.9,5.4,1.1,0.2,2.7,2.3,20.1
337,Darius Miller\milleda01,SF,30,OKC,18,0,10.9,1.2,2.7,.458,0.9,2.3,.405,0.3,0.3,.833,.635,0.7,0.7,1.000,0.1,1.2,1.3,1.2,0.7,0.3,0.4,0.7,4.1
338,Patty Mills\millspa02,PG,32,SAS,57,0,25.5,4.0,9.4,.423,2.5,6.5,.384,1.5,2.8,.512,.557,1.1,1.2,.913,0.3,1.4,1.7,2.5,0.6,0.0,0.9,1.2,11.5
339,Paul Millsap\millspa01,PF,35,DEN,48,34,21.1,3.4,7.0,.485,0.9,2.6,.360,2.4,4.4,.560,.552,1.3,1.8,.706,1.4,3.5,4.8,1.7,0.8,0.7,0.9,2.0,8.9
340,Shake Milton\miltosh01,SG,24,PHI,53,3,23.8,4.9,10.9,.448,1.1,3.3,.347,3.8,7.6,.491,.500,2.4,2.8,.834,0.5,1.7,2.3,2.9,0.6,0.3,1.8,2.1,13.3
341,Donovan Mitchell\mitchdo01,PG,24,UTA,53,53,33.4,9.0,20.6,.438,3.4,8.7,.386,5.7,11.9,.476,.520,5.0,6.0,.845,0.9,3.5,4.4,5.2,1.0,0.3,2.8,2.2,26.4
342,Adam Mokoka\mokokad01,SG,22,CHI,11,0,4.6,0.6,1.5,.412,0.1,0.8,.111,0.5,0.7,.750,.441,0.0,0.1,.000,0.1,0.4,0.5,0.5,0.2,0.1,0.3,0.5,1.4
343,Malik Monk\monkma01,SG,22,CHO,32,0,21.7,4.6,10.1,.460,2.2,5.2,.424,2.4,4.9,.497,.568,1.7,2.0,.815,0.4,2.3,2.7,1.9,0.5,0.1,1.5,1.2,13.1
344,E'Twaun Moore\mooreet01,SG,31,PHO,24,1,14.5,1.8,4.3,.422,0.3,1.2,.276,1.5,3.0,.479,.461,0.3,0.4,.800,0.5,1.2,1.8,1.5,0.6,0.2,0.8,1.3,4.3
345,Ja Morant\moranja01,PG,21,MEM,52,52,32.1,7.0,15.3,.460,1.1,3.7,.295,6.0,11.6,.512,.496,4.5,6.2,.734,0.9,3.0,3.9,7.3,0.9,0.2,3.1,1.4,19.7
346,Juwan Morgan\morgaju01,PF,23,UTA,23,0,5.0,0.5,1.0,.500,0.1,0.5,.273,0.3,0.5,.727,.568,0.1,0.3,.429,0.3,0.7,1.0,0.3,0.2,0.0,0.1,0.8,1.2
347,Marcus Morris\morrima03,PF,31,LAC,49,21,26.3,4.9,10.6,.467,2.6,5.4,.472,2.4,5.2,.462,.588,1.2,1.4,.803,0.6,3.6,4.2,1.0,0.6,0.3,0.9,2.1,13.6
348,Markieff Morris\morrima02,PF,31,LAL,53,26,20.5,2.7,6.4,.421,1.2,3.7,.318,1.5,2.7,.559,.512,0.6,0.8,.744,0.8,3.7,4.5,1.2,0.4,0.3,0.9,1.8,7.2
349,Monte Morris\morrimo01,PG,25,DEN,44,13,26.2,4.0,8.3,.477,1.1,3.0,.377,2.8,5.3,.532,.544,1.3,1.6,.789,0.3,1.9,2.2,3.2,0.7,0.3,0.7,1.0,10.3
350,Mychal Mulder\muldemy01,PG,26,GSW,49,4,10.4,1.4,3.2,.424,1.0,2.7,.371,0.4,0.5,.692,.579,0.2,0.4,.579,0.0,0.7,0.8,0.4,0.2,0.2,0.2,0.7,4.0
351,Dejounte Murray\murrade01,PG,24,SAS,57,57,31.8,6.5,14.4,.451,1.0,3.1,.331,5.5,11.4,.483,.486,1.6,2.0,.796,0.8,6.3,7.1,5.2,1.6,0.1,1.7,2.1,15.6
352,Jamal Murray\murraja01,PG,23,DEN,48,48,35.5,7.9,16.5,.477,2.7,6.6,.408,5.2,9.9,.523,.559,2.8,3.2,.869,0.8,3.3,4.0,4.8,1.3,0.3,2.3,2.0,21.2
353,Mike Muscala\muscami01,C,29,OKC,35,0,18.4,3.4,7.6,.446,1.9,5.3,.370,1.5,2.4,.614,.573,0.9,1.0,.917,0.5,3.2,3.8,0.8,0.2,0.3,0.6,1.5,9.7
354,Sviatoslav Mykhailiuk\mykhasv01,SF-SG,23,TOT,57,14,19.9,2.9,7.1,.409,1.5,4.5,.332,1.4,2.5,.549,.516,0.6,0.8,.756,0.4,2.1,2.5,1.6,0.7,0.2,1.4,0.9,7.9
354,Sviatoslav Mykhailiuk\mykhasv01,SF,23,DET,36,5,17.6,2.3,6.2,.377,1.6,4.8,.333,0.8,1.4,.519,.504,0.7,0.8,.800,0.3,1.8,2.1,1.6,0.8,0.2,1.1,0.9,6.9
354,Sviatoslav Mykhailiuk\mykhasv01,SG,23,OKC,21,9,24.0,3.9,8.6,.450,1.4,4.2,.330,2.5,4.4,.565,.531,0.5,0.7,.667,0.6,2.7,3.3,1.7,0.7,0.2,1.9,0.9,9.6
355,Abdel Nader\naderab01,SF,27,PHO,24,0,14.8,2.4,4.8,.491,0.8,1.8,.419,1.6,3.0,.534,.569,1.2,1.5,.757,0.3,2.3,2.6,0.8,0.4,0.4,0.8,1.4,6.7
356,Larry Nance Jr.\nancela02,PF,28,CLE,35,27,31.2,3.7,7.8,.471,1.2,3.3,.360,2.5,4.5,.551,.546,0.9,1.4,.612,1.5,5.2,6.7,3.1,1.7,0.5,1.6,2.1,9.3
357,Aaron Nesmith\nesmiaa01,SF,21,BOS,35,0,12.6,1.1,3.1,.374,0.7,2.2,.342,0.4,0.9,.452,.495,0.4,0.5,.722,0.5,1.8,2.2,0.4,0.3,0.2,0.5,1.4,3.4
358,Raul Neto\netora01,PG,28,WAS,55,13,21.1,3.2,6.9,.458,1.0,2.6,.375,2.2,4.3,.508,.529,1.0,1.1,.857,0.4,1.9,2.3,2.1,1.1,0.1,0.8,1.6,8.3
359,Georges Niang\niangge01,PF,27,UTA,61,1,14.7,2.2,5.1,.430,1.5,3.7,.412,0.7,1.4,.482,.581,0.2,0.2,1.000,0.4,2.1,2.5,0.7,0.3,0.1,0.7,1.5,6.1
360,Zeke Nnaji\nnajize01,PF,20,DEN,39,1,9.2,1.2,2.4,.484,0.5,1.4,.377,0.6,1.0,.625,.591,0.3,0.4,.800,0.3,1.2,1.5,0.2,0.2,0.1,0.2,0.7,3.1
361,Nerlens Noel\noelne01,C,26,NYK,55,32,23.8,2.2,3.5,.617,0.0,0.0,.000,2.2,3.5,.623,.617,0.7,1.1,.695,2.3,4.2,6.5,0.8,1.0,2.1,1.1,2.7,5.1
362,Jaylen Nowell\nowelja01,SG,21,MIN,38,0,18.8,3.6,8.4,.428,1.2,3.7,.338,2.3,4.7,.497,.502,1.1,1.3,.824,0.5,1.9,2.3,1.6,0.6,0.3,0.7,1.8,9.5
363,Frank Ntilikina\ntilila01,PG,22,NYK,24,4,10.9,1.0,2.7,.369,0.8,1.6,.474,0.3,1.1,.222,.508,0.3,0.7,.500,0.2,0.8,1.0,0.6,0.6,0.1,0.4,1.6,3.1
364,Kendrick Nunn\nunnke01,PG,25,MIA,47,35,29.0,5.4,11.5,.468,2.2,5.7,.383,3.2,5.8,.551,.563,1.0,1.1,.923,0.4,2.9,3.2,2.8,1.0,0.3,1.4,1.9,14.0
365,James Nunnally\nunnaja01,SF,30,NOP,4,0,6.3,1.0,2.0,.500,0.8,1.8,.429,0.3,0.3,1.000,.688,0.0,0.0,,0.3,0.8,1.0,0.0,0.0,0.0,0.3,0.0,2.8
366,Jusuf Nurkić\nurkiju01,C,26,POR,25,25,23.3,4.1,8.3,.493,0.4,1.0,.360,3.7,7.3,.511,.514,1.7,2.7,.627,2.2,6.1,8.3,3.4,1.0,1.0,2.0,3.0,10.2
367,David Nwaba\nwabada01,SF,28,HOU,30,9,22.6,3.5,7.3,.486,0.6,2.1,.270,3.0,5.2,.574,.525,1.6,2.3,.691,1.3,2.6,3.9,1.0,1.0,0.7,0.6,2.0,9.2
368,Jordan Nwora\nworajo01,SF,22,MIL,25,2,9.1,1.9,4.3,.444,1.0,2.1,.462,1.0,2.2,.429,.556,0.7,0.8,.810,0.2,1.6,1.8,0.3,0.6,0.2,0.8,0.8,5.5
369,Royce O'Neale\onealro01,SF,27,UTA,60,60,32.0,2.4,5.5,.437,1.5,4.0,.376,0.9,1.6,.589,.571,0.6,0.7,.857,1.3,5.9,7.1,2.6,0.8,0.5,1.1,2.7,6.9
370,Semi Ojeleye\ojelese01,PF,26,BOS,50,12,17.5,1.6,4.0,.400,1.1,2.9,.386,0.5,1.1,.436,.540,0.5,0.6,.750,0.5,2.1,2.6,0.7,0.3,0.0,0.4,1.1,4.8
371,Jahlil Okafor\okafoja01,C,25,DET,19,0,11.1,1.9,3.3,.597,0.1,0.3,.333,1.8,2.9,.625,.613,0.4,0.5,.800,0.7,1.4,2.1,0.6,0.2,0.2,0.5,1.2,4.4
372,Chuma Okeke\okekech01,PF,22,ORL,44,18,25.1,2.9,7.1,.410,1.0,3.1,.341,1.9,4.0,.463,.484,0.7,0.9,.763,1.0,3.1,4.0,2.2,1.0,0.5,0.8,1.0,7.5
373,Josh Okogie\okogijo01,SG,22,MIN,49,33,21.2,1.9,4.6,.401,0.6,2.0,.276,1.3,2.6,.496,.460,1.4,1.8,.793,1.0,1.6,2.6,1.1,1.0,0.5,0.7,2.2,5.7
374,Onyeka Okongwu\okongon01,C,20,ATL,40,3,11.2,1.6,2.6,.610,0.0,0.1,.000,1.6,2.6,.621,.610,0.7,1.1,.622,1.0,2.0,3.0,0.2,0.4,0.6,0.5,2.0,3.9
375,Isaac Okoro\okorois01,SG,20,CLE,56,56,31.8,3.1,7.4,.425,0.8,2.9,.290,2.3,4.5,.512,.482,1.3,1.9,.721,1.0,1.9,2.8,1.8,1.0,0.4,1.3,2.7,8.4
376,KZ Okpala\okpalkz01,PF,21,MIA,31,9,12.5,0.9,2.7,.341,0.4,1.5,.250,0.5,1.2,.459,.412,0.1,0.3,.300,0.6,1.4,1.9,0.5,0.3,0.3,0.4,1.7,2.4
377,Victor Oladipo\oladivi01,SG,28,TOT,33,33,32.7,7.1,17.5,.408,2.4,7.2,.326,4.8,10.2,.466,.476,3.2,4.2,.754,0.4,4.5,4.8,4.6,1.4,0.4,2.5,2.5,19.8
377,Victor Oladipo\oladivi01,SG,28,IND,9,9,33.3,7.1,16.9,.421,2.8,7.7,.362,4.3,9.2,.470,.503,3.0,4.1,.730,0.1,5.6,5.7,4.2,1.7,0.2,2.0,2.6,20.0
377,Victor Oladipo\oladivi01,SG,28,HOU,20,20,33.5,7.8,19.1,.407,2.5,7.7,.320,5.3,11.4,.465,.471,3.3,4.2,.783,0.4,4.4,4.8,5.0,1.2,0.5,2.6,2.3,21.2
377,Victor Oladipo\oladivi01,SG,28,MIA,4,4,27.8,4.0,10.8,.372,1.0,4.3,.235,3.0,6.5,.462,.419,3.0,4.5,.667,0.8,2.8,3.5,3.5,1.8,0.5,3.5,3.3,12.0
378,Kelly Olynyk\olynyke01,C-PF,29,TOT,60,52,28.0,4.5,9.4,.481,1.8,5.4,.338,2.7,4.0,.675,.579,1.4,1.7,.838,1.1,5.5,6.6,2.3,1.0,0.6,1.6,2.8,12.3
378,Kelly Olynyk\olynyke01,C,29,MIA,43,38,26.9,3.8,8.7,.431,1.8,5.7,.317,2.0,3.1,.639,.533,0.7,0.9,.775,1.0,5.0,6.1,2.1,0.9,0.6,1.3,2.9,10.0
378,Kelly Olynyk\olynyke01,PF,29,HOU,17,14,30.9,6.5,11.1,.582,1.9,4.8,.402,4.5,6.3,.720,.669,3.1,3.5,.881,1.4,6.6,7.9,2.9,1.1,0.5,2.4,2.6,17.9
379,Miye Oni\onimi01,SG,23,UTA,44,0,9.1,0.7,1.9,.353,0.6,1.7,.333,0.1,0.2,.500,.500,0.1,0.1,.833,0.4,1.2,1.6,0.4,0.1,0.2,0.3,1.2,2.0
380,Cedi Osman\osmande01,SF,25,CLE,51,19,24.6,3.5,9.5,.363,1.6,5.4,.304,1.8,4.2,.439,.448,1.1,1.5,.750,0.6,2.7,3.3,2.7,0.9,0.2,1.1,1.9,9.6
381,Daniel Oturu\oturuda01,C,21,LAC,24,0,4.3,0.6,1.2,.536,0.0,0.0,.000,0.6,1.1,.556,.536,0.2,0.3,.625,0.5,0.7,1.2,0.3,0.0,0.1,0.2,0.6,1.5
382,Kelly Oubre Jr.\oubreke01,SF,25,GSW,54,50,30.8,5.9,13.2,.443,1.6,5.1,.317,4.2,8.1,.523,.504,2.2,3.1,.704,1.5,4.5,6.0,1.4,1.0,0.8,1.3,2.2,15.5
383,Jabari Parker\parkeja01,PF,25,TOT,8,0,12.3,2.3,4.1,.545,0.0,0.6,.000,2.3,3.5,.643,.545,0.4,0.5,.750,0.9,2.1,3.0,0.9,0.1,0.5,0.9,0.9,4.9
383,Jabari Parker\parkeja01,PF,25,SAC,3,0,9.0,1.3,2.3,.571,0.0,0.3,.000,1.3,2.0,.667,.571,0.0,0.0,,0.3,1.7,2.0,0.3,0.0,0.3,1.0,1.3,2.7
383,Jabari Parker\parkeja01,PF,25,BOS,5,0,14.2,2.8,5.2,.538,0.0,0.8,.000,2.8,4.4,.636,.538,0.6,0.8,.750,1.2,2.4,3.6,1.2,0.2,0.6,0.8,0.6,6.2
384,Eric Paschall\pascher01,PF,24,GSW,39,2,17.3,3.7,7.5,.491,0.4,1.4,.321,3.3,6.2,.529,.520,1.6,2.3,.719,0.7,2.5,3.2,1.3,0.3,0.2,1.1,1.7,9.5
385,Anžejs Pasečņiks\pasecan01,C,25,WAS,1,0,6.0,0.0,1.0,.000,0.0,1.0,.000,0.0,0.0,,.000,0.0,0.0,,1.0,0.0,1.0,1.0,0.0,0.0,5.0,2.0,0.0
386,Patrick Patterson\pattepa01,PF,31,LAC,34,4,14.4,1.8,4.1,.443,1.1,2.9,.371,0.8,1.3,.605,.571,0.4,0.5,.750,0.4,1.5,1.9,0.6,0.4,0.2,0.3,1.3,5.1
387,Justin Patton\pattoju01,C,23,HOU,13,6,19.0,2.2,5.4,.414,0.7,2.6,.265,1.5,2.8,.556,.479,0.2,0.3,.750,1.1,2.7,3.8,1.1,0.9,1.1,0.3,2.6,5.4
388,Chris Paul\paulch01,PG,35,PHO,60,60,31.8,6.1,12.5,.489,1.4,3.7,.381,4.7,8.8,.535,.546,2.4,2.6,.929,0.4,4.3,4.7,8.7,1.4,0.2,2.2,2.4,16.1
389,Cameron Payne\payneca01,PG,26,PHO,50,0,17.3,2.8,6.0,.468,1.0,2.5,.405,1.8,3.5,.514,.554,0.7,0.8,.857,0.2,2.0,2.3,3.6,0.6,0.2,1.1,1.7,7.3
390,Elfrid Payton\paytoel01,PG,26,NYK,53,53,25.1,4.7,10.7,.442,0.5,1.7,.283,4.2,8.9,.474,.465,1.3,1.9,.686,1.2,2.4,3.6,3.4,0.8,0.2,1.7,1.8,11.2
391,Gary Payton II\paytoga02,PG,28,GSW,9,0,3.0,0.9,1.2,.727,0.2,0.4,.500,0.7,0.8,.857,.818,0.3,0.4,.750,0.2,0.7,0.9,0.0,0.6,0.1,0.1,0.7,2.3
392,Norvel Pelle\pelleno01,C,27,TOT,8,0,7.3,0.8,1.5,.500,0.0,0.0,,0.8,1.5,.500,.500,0.5,0.8,.667,0.6,1.3,1.9,0.1,0.1,0.8,0.4,1.3,2.0
392,Norvel Pelle\pelleno01,C,27,BRK,3,0,9.3,1.0,2.3,.429,0.0,0.0,,1.0,2.3,.429,.429,0.0,0.0,,1.0,1.3,2.3,0.0,0.0,1.0,1.0,3.0,2.0
392,Norvel Pelle\pelleno01,C,27,SAC,1,0,4.0,0.0,1.0,.000,0.0,0.0,,0.0,1.0,.000,.000,3.0,4.0,.750,1.0,0.0,1.0,1.0,0.0,0.0,0.0,1.0,3.0
392,Norvel Pelle\pelleno01,C,27,NYK,4,0,6.5,0.8,1.0,.750,0.0,0.0,,0.8,1.0,.750,.750,0.3,0.5,.500,0.3,1.5,1.8,0.0,0.3,0.8,0.0,0.0,1.8
393,Reggie Perry\perryre01,PF,20,BRK,21,0,9.5,1.5,3.5,.419,0.2,1.0,.200,1.3,2.6,.500,.446,0.5,0.6,.769,1.1,2.0,3.1,0.7,0.3,0.3,0.7,1.7,3.6
394,Theo Pinson\pinsoth01,SG,25,NYK,14,0,2.2,0.1,0.6,.111,0.0,0.6,.000,0.1,0.1,1.000,.111,0.0,0.0,,0.0,0.1,0.1,0.1,0.0,0.0,0.1,0.3,0.1
395,Mason Plumlee\plumlma01,C,30,DET,55,55,26.8,4.1,6.8,.613,0.0,0.1,.000,4.1,6.6,.625,.613,2.1,3.1,.669,2.6,6.7,9.3,3.6,0.8,0.9,1.9,3.3,10.3
396,Jakob Poeltl\poeltja01,C,25,SAS,59,41,26.3,3.8,6.0,.629,0.0,0.0,,3.8,6.0,.629,.629,0.9,1.9,.491,3.3,4.7,8.0,1.9,0.6,1.8,1.3,2.5,8.5
397,Vincent Poirier\poirivi01,C,27,PHI,10,0,3.9,0.3,1.2,.250,0.0,0.1,.000,0.3,1.1,.273,.250,0.2,0.6,.333,0.6,0.8,1.4,0.2,0.0,0.3,0.4,0.8,0.8
398,Aleksej Pokusevski\pokusal01,PF,19,OKC,38,21,23.5,2.8,8.6,.326,1.2,4.6,.261,1.6,4.0,.401,.396,0.7,0.8,.781,0.7,3.9,4.6,2.1,0.5,1.1,2.1,1.2,7.5
399,Jordan Poole\poolejo01,SG,21,GSW,40,6,18.4,3.7,8.8,.426,1.8,5.0,.352,2.0,3.8,.523,.526,1.7,2.0,.885,0.2,1.4,1.6,1.9,0.6,0.2,0.9,1.7,10.9
400,Jontay Porter\portejo01,PF,21,MEM,8,0,3.3,0.4,1.1,.333,0.3,0.9,.286,0.1,0.3,.500,.444,0.4,0.4,1.000,0.3,0.9,1.1,0.1,0.3,0.0,0.6,0.8,1.4
401,Kevin Porter Jr.\porteke02,SG,20,HOU,21,18,31.6,5.7,13.6,.421,1.7,5.8,.289,4.0,7.8,.518,.482,2.4,3.2,.746,0.7,3.1,3.8,6.2,0.8,0.3,3.4,2.3,15.5
402,Michael Porter Jr.\portemi01,SF,22,DEN,51,44,31.2,7.0,13.0,.543,2.6,6.0,.444,4.4,7.0,.627,.645,1.8,2.3,.776,1.7,5.9,7.6,1.0,0.6,1.0,1.1,2.0,18.5
403,Otto Porter\porteot01,SF-PF,27,TOT,28,6,21.6,3.5,8.1,.432,1.4,3.7,.375,2.1,4.4,.480,.518,1.3,1.5,.857,1.0,4.4,5.4,2.0,0.6,0.1,0.9,1.5,9.7
403,Otto Porter\porteot01,SF,27,CHI,25,6,21.6,3.6,8.1,.441,1.5,3.8,.400,2.0,4.3,.477,.535,1.2,1.5,.838,1.1,4.4,5.5,2.0,0.5,0.2,1.0,1.5,9.9
403,Otto Porter\porteot01,PF,27,ORL,3,0,22.0,3.0,8.3,.360,0.3,3.0,.111,2.7,5.3,.500,.380,1.7,1.7,1.000,0.0,4.7,4.7,1.7,1.3,0.0,0.0,1.3,8.0
404,Bobby Portis\portibo01,C,25,MIL,56,6,21.2,4.8,9.1,.528,1.2,2.5,.486,3.6,6.6,.543,.594,0.7,1.0,.759,1.8,5.2,7.0,1.1,0.7,0.4,0.9,1.7,11.5
405,Kristaps Porziņģis\porzikr01,C,25,DAL,39,39,31.4,7.6,16.1,.474,2.2,6.2,.363,5.4,10.0,.542,.543,2.9,3.4,.850,2.0,7.3,9.3,1.6,0.5,1.5,1.3,2.7,20.4
406,Dwight Powell\poweldw01,C,29,DAL,46,12,14.8,1.8,3.2,.574,0.1,0.4,.250,1.7,2.8,.625,.591,1.4,1.9,.767,1.2,2.4,3.5,0.8,0.6,0.3,0.6,2.2,5.2
407,Norman Powell\powelno01,SG-SF,27,TOT,58,47,31.5,6.5,13.4,.484,2.5,6.2,.412,4.0,7.3,.545,.578,3.4,4.0,.861,0.6,2.4,3.0,1.9,1.3,0.2,1.8,2.4,18.9
407,Norman Powell\powelno01,SG,27,TOR,42,31,30.4,6.7,13.5,.498,2.8,6.4,.439,3.9,7.1,.552,.602,3.4,3.9,.865,0.5,2.5,3.0,1.8,1.1,0.2,1.8,2.3,19.6
407,Norman Powell\powelno01,SF,27,POR,16,16,34.4,5.9,13.3,.446,1.8,5.5,.330,4.1,7.8,.528,.514,3.6,4.2,.851,0.9,2.2,3.1,1.9,1.6,0.4,1.9,2.5,17.3
408,Taurean Prince\princta02,PF,26,TOT,41,10,22.1,3.2,8.0,.401,1.5,3.8,.400,1.7,4.2,.401,.495,1.6,1.9,.855,0.5,3.0,3.5,1.9,0.7,0.6,1.1,1.8,9.5
408,Taurean Prince\princta02,PF,26,BRK,12,4,18.2,2.5,6.2,.405,1.1,3.1,.351,1.4,3.1,.459,.493,2.0,2.3,.889,0.2,2.7,2.8,0.6,0.7,0.7,0.9,1.8,8.1
408,Taurean Prince\princta02,PF,26,CLE,29,6,23.7,3.5,8.7,.399,1.7,4.1,.415,1.8,4.7,.385,.496,1.4,1.7,.837,0.6,3.1,3.7,2.4,0.7,0.5,1.2,1.9,10.1
409,Payton Pritchard\pritcpa01,SG,23,BOS,55,2,19.1,2.7,6.0,.450,1.4,3.4,.419,1.3,2.6,.490,.568,0.5,0.6,.906,0.5,1.7,2.3,1.8,0.5,0.2,0.8,1.6,7.3
410,Immanuel Quickley\quickim01,PG,21,NYK,57,3,19.6,3.6,9.3,.394,1.9,4.8,.391,1.8,4.5,.398,.495,2.5,2.8,.892,0.4,1.8,2.2,2.1,0.5,0.2,0.9,1.8,11.6
411,Jahmi'us Ramsey\ramseja01,SG,19,SAC,5,0,3.4,0.6,1.0,.600,0.2,0.6,.333,0.4,0.4,1.000,.700,0.0,0.0,,0.0,0.8,0.8,0.2,0.0,0.2,0.2,0.0,1.4
412,Chasson Randle\randlch01,PG,27,ORL,30,5,19.4,2.0,5.1,.388,1.0,2.9,.360,0.9,2.2,.424,.490,0.7,0.9,.778,0.1,1.6,1.7,1.9,0.5,0.1,1.2,1.6,5.7
413,Julius Randle\randlju01,PF,26,NYK,61,61,37.5,8.4,18.3,.461,2.2,5.3,.418,6.2,13.0,.478,.521,4.9,6.0,.805,1.3,9.1,10.4,6.0,1.0,0.2,3.5,3.1,23.9
414,Cam Reddish\reddica01,SF,21,ATL,26,21,28.8,3.7,10.1,.365,1.3,4.8,.262,2.4,5.3,.460,.428,2.6,3.2,.817,0.8,3.2,4.0,1.3,1.3,0.3,1.3,2.6,11.2
415,J.J. Redick\redicjj01,SG,36,TOT,38,0,17.6,2.7,6.5,.415,1.6,4.2,.385,1.1,2.2,.471,.541,1.2,1.3,.940,0.1,1.5,1.6,1.2,0.3,0.1,0.9,1.1,8.2
415,J.J. Redick\redicjj01,SG,36,NOP,31,0,18.6,2.8,6.9,.407,1.6,4.5,.364,1.2,2.4,.486,.526,1.5,1.5,.957,0.1,1.6,1.7,1.3,0.3,0.1,0.8,1.2,8.7
415,J.J. Redick\redicjj01,SG,36,DAL,7,0,13.4,2.1,4.6,.469,1.6,3.0,.524,0.6,1.6,.364,.641,0.3,0.4,.667,0.1,1.3,1.4,0.7,0.1,0.1,1.1,0.6,6.1
416,Paul Reed\reedpa01,PF,21,PHI,19,0,6.6,1.5,2.8,.519,0.0,0.3,.000,1.5,2.5,.583,.519,0.1,0.2,.250,1.1,1.2,2.2,0.4,0.3,0.5,0.5,0.9,3.0
417,Naz Reid\reidna01,C,21,MIN,60,15,19.2,4.3,8.2,.519,0.8,2.4,.350,3.4,5.8,.589,.570,1.8,2.5,.730,1.1,3.4,4.5,1.1,0.5,1.1,1.0,2.5,11.1
418,Cameron Reynolds\reynoca01,SF,25,SAS,3,0,2.0,0.3,0.7,.500,0.0,0.0,,0.3,0.7,.500,.500,0.0,0.0,,0.0,0.0,0.0,0.0,0.0,0.0,0.0,0.0,0.7
419,Nick Richards\richani01,PF,23,CHO,17,0,3.6,0.2,0.5,.500,0.0,0.1,.000,0.2,0.4,.571,.500,0.4,0.6,.636,0.1,0.4,0.5,0.1,0.0,0.0,0.2,0.4,0.9
420,Josh Richardson\richajo01,SG,27,DAL,48,48,31.8,4.5,10.4,.429,1.5,4.8,.316,3.0,5.7,.524,.501,1.8,2.0,.905,0.9,2.6,3.5,2.8,0.9,0.4,1.4,2.4,12.3
421,Grant Riller\rillegr01,PG,23,CHO,5,0,4.2,1.2,1.8,.667,0.4,0.8,.500,0.8,1.0,.800,.778,0.0,0.0,,0.0,0.0,0.0,0.6,0.2,0.0,0.2,0.0,2.8
422,Austin Rivers\riverau01,SG,28,TOT,25,2,21.4,2.7,6.4,.428,1.2,3.6,.341,1.5,2.7,.544,.525,0.5,0.7,.722,0.2,2.0,2.3,2.0,0.5,0.1,1.0,1.6,7.2
422,Austin Rivers\riverau01,SG,28,NYK,21,2,21.0,2.8,6.4,.430,1.3,3.7,.364,1.4,2.8,.517,.533,0.5,0.7,.714,0.2,2.0,2.2,2.0,0.6,0.0,1.0,1.5,7.3
422,Austin Rivers\riverau01,SG,28,DEN,4,0,23.5,2.5,6.0,.417,0.8,3.5,.214,1.8,2.5,.700,.479,0.8,1.0,.750,0.3,2.3,2.5,2.0,0.3,0.5,0.5,2.0,6.5
423,Andre Roberson\roberan03,SG,29,BRK,5,0,12.6,0.4,2.8,.143,0.2,1.6,.125,0.2,1.2,.167,.179,0.2,0.4,.500,1.4,1.6,3.0,0.8,0.6,0.2,0.4,0.8,1.2
424,Duncan Robinson\robindu01,SF,26,MIA,62,62,32.0,4.4,10.0,.436,3.5,8.6,.402,0.9,1.4,.648,.609,0.8,1.0,.836,0.1,3.5,3.5,1.8,0.5,0.2,1.2,2.5,13.0
425,Glenn Robinson III\robingl02,SF,27,SAC,23,2,16.0,1.8,4.3,.424,0.7,1.9,.364,1.1,2.4,.473,.505,0.9,1.0,.913,0.5,1.5,2.0,0.9,0.2,0.1,0.5,1.0,5.3
426,Jerome Robinson\robinje01,SG,23,WAS,17,6,17.9,1.6,5.6,.295,0.6,2.5,.262,1.0,3.1,.321,.353,0.9,1.2,.800,0.2,2.0,2.2,1.5,0.7,0.4,1.1,1.8,4.9
427,Justin Robinson\robinju01,PG,23,OKC,9,0,9.8,0.8,2.3,.333,0.4,1.6,.286,0.3,0.8,.429,.429,0.3,0.6,.600,0.1,0.7,0.8,1.0,0.3,0.0,0.2,1.1,2.3
428,Mitchell Robinson\robinmi01,C,22,NYK,31,29,27.5,3.7,5.7,.653,0.0,0.0,,3.7,5.7,.653,.653,0.8,1.7,.491,3.6,4.5,8.1,0.5,1.1,1.5,0.8,2.8,8.3
429,Isaiah Roby\robyis01,PF,22,OKC,50,26,23.6,3.5,7.1,.493,0.6,1.7,.322,2.9,5.3,.549,.533,1.4,2.0,.720,1.6,4.1,5.7,1.9,0.9,0.7,1.8,2.7,9.0
430,Rajon Rondo\rondora01,PG,34,TOT,37,2,16.0,1.8,4.4,.415,0.7,1.8,.373,1.2,2.6,.443,.491,0.3,0.3,.909,0.4,1.8,2.2,4.0,0.7,0.1,1.5,1.2,4.6
430,Rajon Rondo\rondora01,PG,34,ATL,27,2,14.9,1.6,4.1,.400,0.6,1.7,.378,1.0,2.4,.415,.477,0.0,0.1,.500,0.1,1.9,2.0,3.5,0.7,0.1,1.4,0.9,3.9
430,Rajon Rondo\rondora01,PG,34,LAC,10,0,18.9,2.4,5.4,.444,0.8,2.2,.364,1.6,3.2,.500,.519,0.9,0.9,1.000,0.9,1.6,2.5,5.2,0.7,0.1,1.7,2.0,6.5
431,Derrick Rose\rosede01,PG,32,TOT,41,3,24.9,5.4,12.0,.452,0.9,2.5,.350,4.6,9.5,.479,.489,2.2,2.7,.844,0.4,2.0,2.4,4.1,1.0,0.4,1.5,1.2,14.0
431,Derrick Rose\rosede01,PG,32,DET,15,0,22.8,5.3,12.3,.429,0.9,2.6,.333,4.4,9.7,.455,.465,2.8,3.3,.840,0.4,1.5,1.9,4.2,1.2,0.3,1.9,1.1,14.2
431,Derrick Rose\rosede01,PG,32,NYK,26,3,26.1,5.5,11.9,.466,0.9,2.5,.359,4.7,9.4,.494,.503,1.9,2.3,.847,0.3,2.3,2.6,4.1,0.9,0.5,1.3,1.2,13.9
432,Terrence Ross\rosste01,SG,29,ORL,46,2,29.3,5.5,13.4,.412,1.9,5.7,.337,3.6,7.7,.469,.485,2.6,3.0,.870,0.3,3.1,3.4,2.3,1.0,0.5,1.6,1.9,15.6
433,Terry Rozier\roziete01,SG,26,CHO,57,57,34.0,7.5,16.1,.465,3.3,8.3,.403,4.1,7.8,.530,.568,2.3,2.8,.825,0.5,3.7,4.2,4.1,1.3,0.4,1.9,1.8,20.6
434,Ricky Rubio\rubiori01,PG,30,MIN,58,43,26.1,2.7,7.2,.375,0.9,2.9,.298,1.8,4.3,.427,.435,1.9,2.3,.856,0.4,2.8,3.2,6.6,1.4,0.1,1.7,2.1,8.2
435,D'Angelo Russell\russeda01,PG,24,MIN,32,19,27.8,6.9,15.5,.447,3.0,7.3,.416,3.9,8.3,.473,.544,2.6,3.3,.800,0.3,2.1,2.5,5.2,1.0,0.4,2.8,1.7,19.5
436,Domantas Sabonis\sabondo01,PF,24,IND,53,53,35.7,7.5,14.4,.520,0.8,2.6,.302,6.7,11.8,.568,.547,4.1,5.6,.731,2.5,9.1,11.6,6.0,1.1,0.5,3.4,3.4,19.9
437,Luka Šamanić\samanlu01,PF,21,SAS,27,4,9.2,1.3,2.9,.430,0.3,1.4,.243,0.9,1.6,.595,.487,0.4,0.9,.500,0.5,1.6,2.0,0.5,0.3,0.2,0.6,1.3,3.3
438,JaKarr Sampson\sampsja02,PF,27,IND,23,2,9.5,1.4,3.2,.446,0.1,0.5,.250,1.3,2.7,.484,.466,0.7,1.1,.600,0.8,1.7,2.4,0.1,0.1,0.4,0.4,1.7,3.7
439,Dario Šarić\saricda01,C,26,PHO,41,1,17.5,3.2,7.1,.451,1.0,2.9,.339,2.2,4.3,.526,.519,1.7,1.9,.872,1.0,3.0,4.0,1.3,0.6,0.1,1.2,2.0,9.1
440,Tomáš Satoranský\satorto01,SG,29,CHI,49,18,23.2,2.9,5.7,.505,0.8,2.1,.375,2.1,3.6,.582,.575,1.2,1.4,.882,0.5,1.9,2.4,4.9,0.8,0.2,1.7,1.6,7.8
441,Dennis Schröder\schrode01,SG,27,LAL,57,57,32.1,5.5,12.5,.441,1.2,3.4,.344,4.4,9.2,.476,.487,3.5,4.1,.843,0.5,3.0,3.5,5.8,1.2,0.2,2.7,2.6,15.7
442,Mike Scott\scottmi01,PF,32,PHI,41,11,17.6,1.6,4.2,.374,1.1,3.2,.344,0.5,1.0,.475,.506,0.2,0.3,.667,0.2,2.3,2.6,0.7,0.5,0.2,0.4,1.5,4.4
443,Collin Sexton\sextoco01,SG,22,CLE,50,50,35.7,9.0,18.4,.487,1.7,4.4,.376,7.3,14.0,.522,.532,4.8,5.9,.815,0.9,2.2,3.0,4.1,1.1,0.1,2.6,2.7,24.5
444,Landry Shamet\shamela01,SG,23,BRK,50,6,22.0,3.1,7.4,.411,2.1,5.4,.391,0.9,2.0,.465,.554,1.1,1.3,.857,0.2,1.6,1.8,1.5,0.5,0.1,0.8,1.5,9.3
445,Iman Shumpert\shumpim01,SG,30,BRK,2,0,5.5,0.5,2.0,.250,0.0,1.5,.000,0.5,0.5,1.000,.250,0.0,0.0,,0.5,0.0,0.5,0.0,0.5,0.0,0.5,0.0,1.0
446,Pascal Siakam\siakapa01,PF,26,TOR,49,49,35.6,7.6,16.7,.457,1.3,4.4,.299,6.3,12.3,.512,.496,4.6,5.5,.836,1.6,5.6,7.2,4.7,1.1,0.7,2.2,3.3,21.1
447,Chris Silva\silvach01,PF,24,TOT,15,0,6.1,0.7,1.1,.625,0.1,0.1,1.000,0.6,1.0,.600,.656,0.7,1.0,.733,0.5,1.3,1.8,0.4,0.1,0.4,0.7,1.6,2.1
447,Chris Silva\silvach01,PF,24,MIA,11,0,7.5,0.8,1.2,.692,0.1,0.1,1.000,0.7,1.1,.667,.731,1.0,1.4,.733,0.6,1.6,2.3,0.5,0.1,0.5,0.8,1.8,2.7
447,Chris Silva\silvach01,PF,24,SAC,4,0,2.3,0.3,0.8,.333,0.0,0.0,,0.3,0.8,.333,.333,0.0,0.0,,0.0,0.5,0.5,0.0,0.0,0.3,0.3,1.0,0.5
448,Ben Simmons\simmobe01,PG,24,PHI,49,49,33.0,5.7,10.4,.548,0.1,0.2,.300,5.6,10.2,.553,.551,3.3,5.4,.615,1.6,5.9,7.6,7.0,1.6,0.7,3.3,3.0,14.8
449,Anfernee Simons\simonan01,SG,21,POR,52,0,16.3,2.6,6.3,.416,1.9,4.4,.424,0.7,1.8,.396,.566,0.7,0.9,.776,0.2,2.0,2.2,1.4,0.3,0.1,0.7,1.5,7.8
450,Deividas Sirvydis\sirvyde01,SG,20,DET,15,0,2.7,0.3,1.1,.294,0.3,0.9,.308,0.1,0.3,.250,.412,0.2,0.3,.750,0.0,0.5,0.5,0.1,0.1,0.0,0.2,0.2,1.1
451,Alen Smailagić\smailal01,PF,20,GSW,9,1,4.2,0.7,1.4,.462,0.2,0.6,.400,0.4,0.9,.500,.538,0.1,0.4,.250,0.3,0.4,0.8,0.2,0.1,0.3,0.0,0.7,1.7
452,Marcus Smart\smartma01,PG,26,BOS,41,38,32.6,4.4,10.6,.411,2.0,5.9,.347,2.3,4.7,.490,.507,2.9,3.6,.796,0.8,2.7,3.4,5.5,1.5,0.5,1.8,2.5,13.6
453,Dennis Smith Jr.\smithde03,PG,23,TOT,23,9,18.3,2.5,6.3,.400,0.8,2.5,.328,1.7,3.8,.448,.466,0.8,1.1,.731,0.5,1.9,2.4,3.3,1.0,0.6,1.1,1.6,6.7
453,Dennis Smith Jr.\smithde03,PG,23,NYK,3,0,9.3,0.7,3.3,.200,0.0,1.3,.000,0.7,2.0,.333,.200,1.7,2.0,.833,0.0,0.7,0.7,1.0,1.0,0.0,0.3,1.3,3.0
453,Dennis Smith Jr.\smithde03,PG,23,DET,20,9,19.6,2.8,6.8,.415,1.0,2.7,.352,1.9,4.1,.457,.485,0.7,1.0,.700,0.6,2.1,2.7,3.7,1.0,0.7,1.3,1.7,7.3
454,Ish Smith\smithis01,PG,32,WAS,33,1,20.3,2.6,6.3,.411,0.4,1.1,.361,2.2,5.2,.421,.442,0.4,0.7,.522,0.5,2.8,3.2,4.3,0.6,0.3,1.0,1.3,5.9
455,Jalen Smith\smithja04,PF,20,PHO,21,0,4.2,0.5,1.4,.367,0.1,0.5,.182,0.4,0.9,.474,.400,0.0,0.1,.333,0.3,0.6,0.9,0.1,0.0,0.1,0.2,0.5,1.2
456,Tony Snell\snellto01,SG,29,ATL,40,18,21.0,1.9,3.7,.517,1.4,2.5,.571,0.5,1.2,.408,.707,0.3,0.3,1.000,0.4,2.0,2.4,1.3,0.2,0.3,0.5,1.6,5.5
457,Ray Spalding\spaldra01,C,23,HOU,2,0,9.5,1.0,2.0,.500,0.0,0.5,.000,1.0,1.5,.667,.500,0.0,1.0,.000,1.0,1.0,2.0,0.0,0.0,1.0,1.5,1.5,2.0
458,Cassius Stanley\stanlca01,SG,21,IND,17,0,2.6,0.4,1.4,.304,0.1,0.4,.167,0.4,1.0,.353,.326,0.2,0.3,.800,0.3,0.4,0.6,0.0,0.0,0.1,0.1,0.5,1.1
459,Lamar Stevens\stevela01,PF,23,CLE,40,0,12.5,1.6,3.4,.456,0.1,0.6,.160,1.5,2.8,.523,.471,0.9,1.3,.725,0.6,1.8,2.4,0.6,0.4,0.3,0.6,1.3,4.1
460,Isaiah Stewart\stewais01,C,19,DET,60,7,20.4,3.2,5.5,.574,0.2,0.5,.419,2.9,5.0,.591,.594,0.8,1.2,.676,2.4,4.2,6.6,0.9,0.5,1.2,1.0,2.6,7.4
461,Max Strus\strusma01,SF,24,MIA,33,0,12.3,2.0,4.4,.448,1.2,3.5,.342,0.8,0.8,.893,.586,0.3,0.5,.647,0.1,0.8,0.9,0.5,0.2,0.0,0.2,1.1,5.5
462,Edmond Sumner\sumneed01,SG,25,IND,47,18,15.9,2.7,5.2,.527,0.7,1.7,.388,2.1,3.5,.595,.591,1.2,1.5,.803,0.4,1.4,1.8,0.9,0.6,0.2,0.9,1.6,7.3
463,Jae'Sean Tate\tateja01,SF,25,HOU,61,49,29.0,4.4,8.6,.514,0.8,2.7,.291,3.6,5.9,.617,.560,1.4,1.9,.718,2.0,3.4,5.3,2.3,1.3,0.6,1.2,3.1,11.0
464,Jayson Tatum\tatumja01,SF,22,BOS,55,55,35.6,9.2,20.3,.453,2.9,7.5,.383,6.3,12.8,.495,.524,4.3,5.0,.869,0.7,6.7,7.4,4.3,1.2,0.4,2.7,1.8,25.7
465,Jeff Teague\teaguje01,PG,32,TOT,46,6,17.8,2.2,5.2,.419,0.7,1.6,.417,1.5,3.7,.420,.481,1.5,1.8,.843,0.3,1.4,1.7,2.4,0.6,0.2,1.1,1.2,6.6
465,Jeff Teague\teaguje01,PG,32,BOS,34,5,18.1,2.3,5.5,.415,0.8,1.6,.464,1.5,3.9,.394,.484,1.5,1.8,.836,0.3,1.4,1.7,2.1,0.8,0.2,1.1,1.3,6.9
465,Jeff Teague\teaguje01,PG,32,MIL,12,1,16.8,1.9,4.4,.434,0.3,1.3,.250,1.6,3.1,.514,.472,1.6,1.8,.864,0.3,1.5,1.8,3.3,0.2,0.3,0.9,0.9,5.8
466,Garrett Temple\templga01,SG,34,CHI,45,19,26.9,2.9,7.0,.419,1.3,3.7,.341,1.6,3.2,.507,.510,0.7,0.9,.825,0.5,2.3,2.8,2.2,0.8,0.4,1.0,2.2,7.8
467,Tyrell Terry\terryty01,PG,20,DAL,11,0,5.1,0.5,1.5,.313,0.0,0.6,.000,0.5,0.8,.556,.313,0.1,0.3,.333,0.0,0.5,0.5,0.5,0.5,0.0,0.2,0.2,1.0
468,Daniel Theis\theisda01,C,28,TOT,58,44,24.3,3.9,7.1,.548,0.7,2.3,.316,3.1,4.7,.663,.600,1.1,1.7,.670,1.3,3.9,5.3,1.7,0.6,0.9,1.0,2.6,9.6
468,Daniel Theis\theisda01,C,28,BOS,42,37,24.5,3.8,6.9,.552,0.8,2.3,.347,3.0,4.6,.653,.609,1.1,1.6,.687,1.3,4.0,5.2,1.6,0.6,1.0,1.0,2.9,9.5
468,Daniel Theis\theisda01,C,28,CHI,16,7,23.9,4.1,7.6,.537,0.6,2.6,.244,3.4,5.0,.688,.579,1.2,1.9,.633,1.4,3.9,5.4,2.1,0.5,0.7,1.1,1.8,9.9
469,Brodric Thomas\thomabr01,SG,24,TOT,21,1,8.8,0.8,2.6,.309,0.4,1.5,.258,0.4,1.1,.375,.382,0.9,1.1,.783,0.2,0.8,1.0,0.7,0.4,0.2,0.7,1.0,2.9
469,Brodric Thomas\thomabr01,SG,24,HOU,4,0,6.0,0.5,1.8,.286,0.3,1.5,.167,0.3,0.3,1.000,.357,1.3,1.8,.714,0.3,0.8,1.0,1.0,0.3,0.3,1.0,1.3,2.5
469,Brodric Thomas\thomabr01,SG,24,CLE,17,1,9.4,0.9,2.8,.313,0.4,1.5,.280,0.5,1.4,.348,.385,0.8,0.9,.813,0.2,0.8,0.9,0.6,0.4,0.2,0.6,0.9,2.9
470,Isaiah Thomas\thomais02,PG,31,NOP,3,0,16.0,3.0,9.0,.333,1.0,4.0,.250,2.0,5.0,.400,.389,0.7,0.7,1.000,0.3,1.0,1.3,1.7,0.3,0.0,2.0,1.0,7.7
471,Matt Thomas\thomama02,SG,26,TOT,35,0,7.5,1.0,2.7,.358,0.6,1.8,.323,0.4,0.9,.424,.463,0.2,0.2,.857,0.1,0.8,0.9,0.4,0.1,0.0,0.3,0.4,2.7
471,Matt Thomas\thomama02,SG,26,TOR,26,0,7.4,0.9,2.4,.387,0.7,1.6,.415,0.3,0.8,.333,.524,0.2,0.3,.857,0.1,0.7,0.8,0.3,0.1,0.0,0.2,0.4,2.7
471,Matt Thomas\thomama02,SG,26,UTA,9,0,7.8,1.1,3.7,.303,0.3,2.3,.143,0.8,1.3,.583,.348,0.0,0.0,,0.2,1.0,1.2,0.6,0.1,0.0,0.6,0.6,2.6
472,Tristan Thompson\thomptr01,PF,29,BOS,46,37,23.3,3.2,6.1,.530,0.0,0.1,.000,3.2,6.0,.536,.530,1.4,2.3,.613,3.0,5.0,8.1,1.1,0.4,0.5,1.1,2.1,7.9
473,Sindarius Thornwell\thornsi01,SG,26,NOP,14,1,5.2,0.5,1.5,.333,0.2,0.6,.333,0.3,0.9,.333,.405,0.0,0.1,.000,0.1,0.3,0.4,0.3,0.4,0.1,0.3,0.2,1.2
474,Matisse Thybulle\thybuma01,SG,23,PHI,58,7,20.1,1.5,3.7,.413,0.7,2.2,.307,0.8,1.5,.570,.505,0.1,0.3,.500,0.5,1.5,2.0,0.9,1.6,1.0,0.5,2.0,3.8
475,Killian Tillie\tilliki02,C,22,MEM,14,0,8.7,0.9,3.0,.310,0.4,1.9,.231,0.5,1.1,.438,.381,0.3,0.4,.800,0.4,0.8,1.2,0.3,0.4,0.5,0.1,1.1,2.6
476,Xavier Tillman Sr.\tillmxa01,PF,22,MEM,49,10,19.1,2.9,5.3,.552,0.4,1.1,.321,2.6,4.1,.616,.587,0.6,1.0,.660,1.3,3.1,4.4,1.3,0.8,0.6,0.7,2.2,6.8
477,Anthony Tolliver\tollian01,PF,35,PHI,4,0,14.3,0.3,2.3,.111,0.3,1.5,.167,0.0,0.8,.000,.167,0.8,0.8,1.000,0.8,1.3,2.0,0.5,0.8,0.5,0.8,1.5,1.5
478,Obi Toppin\toppiob01,PF,22,NYK,52,0,11.1,1.7,3.4,.489,0.4,1.4,.292,1.3,2.0,.625,.548,0.3,0.4,.727,0.4,1.8,2.3,0.5,0.3,0.2,0.4,0.9,4.0
479,Juan Toscano-Anderson\toscaju01,SG,27,GSW,42,15,18.6,2.1,3.6,.586,0.6,1.5,.419,1.5,2.1,.700,.671,0.4,0.5,.739,0.6,3.4,4.0,2.4,0.6,0.4,1.0,2.0,5.3
480,Axel Toupane\toupaax01,SF,28,MIL,8,1,7.6,0.5,1.4,.364,0.1,0.3,.500,0.4,1.1,.333,.409,0.6,0.9,.714,0.0,0.8,0.8,0.5,0.3,0.4,0.0,0.8,1.8
481,Karl-Anthony Towns\townska01,C,25,MIN,40,40,34.3,8.6,17.5,.491,2.4,6.2,.394,6.2,11.3,.544,.561,5.1,5.9,.868,2.7,8.3,10.9,4.5,0.7,1.4,3.2,3.6,24.7
482,Gary Trent Jr.\trentga02,SG,22,TOT,55,35,30.9,5.5,13.3,.415,2.9,7.3,.389,2.7,6.0,.447,.522,1.3,1.7,.780,0.4,2.1,2.5,1.4,1.0,0.2,0.7,1.5,15.2
482,Gary Trent Jr.\trentga02,SG,22,POR,41,23,30.8,5.3,12.8,.414,3.0,7.4,.397,2.3,5.3,.438,.530,1.4,1.8,.773,0.5,1.7,2.2,1.4,0.9,0.1,0.8,1.5,15.0
482,Gary Trent Jr.\trentga02,SG,22,TOR,14,12,31.2,6.2,14.9,.416,2.6,7.1,.364,3.6,7.9,.464,.502,0.9,1.1,.813,0.1,3.4,3.4,1.4,1.2,0.2,0.7,1.5,15.9
483,P.J. Tucker\tuckepj01,PF,35,TOT,41,32,27.1,1.4,3.7,.366,0.8,2.5,.327,0.6,1.3,.442,.474,0.4,0.6,.783,1.0,3.2,4.2,1.2,0.8,0.5,0.9,2.5,4.0
483,P.J. Tucker\tuckepj01,PF,35,HOU,32,32,30.0,1.5,4.1,.366,0.8,2.7,.314,0.7,1.4,.467,.469,0.6,0.7,.783,1.0,3.6,4.6,1.4,0.9,0.6,1.0,2.8,4.4
483,P.J. Tucker\tuckepj01,PF,35,MIL,9,0,17.1,0.9,2.4,.364,0.7,1.7,.400,0.2,0.8,.286,.500,0.0,0.0,,1.0,1.9,2.9,0.6,0.3,0.2,0.2,1.1,2.4
484,Rayjon Tucker\tuckera01,PG,23,PHI,12,0,4.1,0.4,0.9,.455,0.2,0.4,.400,0.3,0.5,.500,.545,1.0,1.2,.857,0.1,0.7,0.8,0.4,0.2,0.0,0.3,0.4,2.0
485,Myles Turner\turnemy01,C,24,IND,47,47,31.0,4.4,9.2,.477,1.5,4.4,.335,2.9,4.8,.606,.557,2.4,3.0,.782,1.3,5.2,6.5,1.0,0.9,3.4,1.4,3.5,12.6
486,Jonas Valančiūnas\valanjo01,C,28,MEM,52,51,28.0,7.1,12.2,.580,0.4,1.0,.365,6.7,11.2,.599,.595,2.5,3.3,.771,4.1,8.3,12.3,1.8,0.6,0.7,1.7,2.8,17.0
487,Denzel Valentine\valende01,SG,27,CHI,54,3,17.5,2.6,6.9,.379,1.3,4.1,.326,1.3,2.8,.457,.476,0.2,0.3,.929,0.4,3.0,3.4,1.6,0.5,0.1,0.7,1.1,6.8
488,Jarred Vanderbilt\vandeja01,PF,21,MIN,54,25,17.1,2.0,3.5,.582,0.0,0.1,.250,2.0,3.4,.589,.585,1.0,1.7,.564,1.7,3.7,5.4,1.2,0.9,0.7,0.9,1.9,5.1
489,Fred VanVleet\vanvlfr01,SG,26,TOR,48,48,36.1,6.4,16.2,.393,3.3,8.9,.370,3.1,7.3,.420,.494,3.3,3.8,.883,0.6,3.6,4.2,6.2,1.7,0.8,1.9,2.4,19.4
490,Devin Vassell\vassede01,SF,20,SAS,50,1,15.8,1.7,4.3,.407,0.9,2.2,.394,0.9,2.1,.419,.507,0.6,0.7,.879,0.4,2.2,2.6,0.9,0.8,0.3,0.4,1.4,4.9
491,Gabe Vincent\vincega01,PG,24,MIA,43,6,13.8,1.8,4.9,.362,0.9,3.1,.284,0.9,1.8,.500,.452,0.5,0.5,.870,0.2,0.9,1.1,1.3,0.4,0.0,0.7,1.7,4.9
492,Noah Vonleh\vonleno01,PF,25,BRK,4,0,2.8,0.0,0.8,.000,0.0,0.5,.000,0.0,0.3,.000,.000,0.0,0.0,,0.0,0.3,0.3,0.3,0.0,0.0,0.5,0.5,0.0
493,Nikola Vučević\vucevni01,C,30,TOT,62,62,33.5,9.7,19.8,.490,2.6,6.2,.418,7.1,13.6,.523,.555,2.0,2.4,.836,2.0,9.3,11.3,3.7,1.0,0.7,1.8,1.9,23.9
493,Nikola Vučević\vucevni01,C,30,ORL,44,44,34.1,9.9,20.6,.480,2.7,6.5,.406,7.3,14.1,.515,.545,2.1,2.5,.827,2.0,9.8,11.8,3.8,1.0,0.6,1.9,1.8,24.5
493,Nikola Vučević\vucevni01,C,30,CHI,18,18,32.1,9.1,17.6,.517,2.4,5.3,.453,6.7,12.3,.545,.585,1.7,2.0,.861,2.1,8.2,10.2,3.6,1.0,0.7,1.7,2.2,22.3
494,Dean Wade\wadede01,PF,24,CLE,52,13,17.1,1.9,4.4,.425,1.1,3.0,.357,0.8,1.4,.568,.546,0.3,0.4,.783,0.5,2.5,3.0,1.1,0.4,0.4,0.4,1.1,5.1
495,Moritz Wagner\wagnemo01,C,23,TOT,34,14,12.8,1.9,4.0,.485,0.4,1.4,.313,1.5,2.6,.580,.540,1.2,1.6,.778,0.5,2.2,2.7,1.1,0.6,0.3,0.9,2.1,5.6
495,Moritz Wagner\wagnemo01,C,23,WAS,25,13,15.0,2.5,4.9,.508,0.5,1.7,.310,2.0,3.2,.613,.561,1.6,2.1,.788,0.5,2.4,2.9,1.3,0.9,0.3,0.8,2.5,7.1
495,Moritz Wagner\wagnemo01,C,23,BOS,9,1,6.8,0.4,1.6,.286,0.2,0.7,.333,0.2,0.9,.250,.357,0.1,0.2,.500,0.3,1.8,2.1,0.7,0.0,0.1,1.0,1.1,1.2
496,Kemba Walker\walkeke02,PG,30,BOS,39,39,31.5,6.3,15.3,.409,2.8,8.1,.348,3.4,7.2,.477,.501,2.9,3.1,.918,0.3,3.6,3.9,5.0,1.1,0.3,2.1,1.4,18.2
497,Lonnie Walker\walkelo01,SG,22,SAS,48,31,24.8,4.0,9.7,.413,1.6,4.5,.353,2.4,5.3,.464,.495,1.0,1.3,.794,0.2,2.3,2.5,1.6,0.5,0.3,1.1,1.8,10.7
498,John Wall\walljo01,PG,30,HOU,40,40,32.2,7.3,18.2,.404,2.0,6.2,.317,5.4,11.9,.449,.458,4.0,5.3,.749,0.4,2.8,3.2,6.9,1.1,0.8,3.5,1.2,20.6
499,Brad Wanamaker\wanambr01,PG,31,TOT,53,0,16.8,1.9,5.0,.376,0.3,1.5,.195,1.6,3.4,.459,.407,1.4,1.6,.881,0.2,1.4,1.7,2.8,0.7,0.2,1.2,1.6,5.4
499,Brad Wanamaker\wanambr01,PG,31,GSW,39,0,16.0,1.6,4.4,.353,0.3,1.6,.213,1.2,2.9,.429,.390,1.3,1.4,.893,0.2,1.5,1.7,2.5,0.7,0.2,0.9,1.4,4.7
499,Brad Wanamaker\wanambr01,PG,31,CHO,14,0,19.0,2.7,6.4,.422,0.2,1.5,.143,2.5,4.9,.507,.439,1.7,2.0,.857,0.3,1.3,1.6,3.6,0.9,0.2,1.8,2.0,7.4
500,T.J. Warren\warretj01,SF,27,IND,4,4,29.3,6.8,12.8,.529,0.0,1.8,.000,6.8,11.0,.614,.529,2.0,2.5,.800,0.5,3.0,3.5,1.3,0.5,0.0,1.0,4.0,15.5
501,P.J. Washington\washipj01,PF,22,CHO,53,50,29.7,4.4,10.1,.438,1.6,4.1,.399,2.8,6.0,.465,.520,1.8,2.4,.764,1.4,4.9,6.4,2.6,1.0,1.3,2.1,2.6,12.3
502,Yuta Watanabe\watanyu01,SF,26,TOR,42,1,13.5,1.5,3.2,.463,0.6,1.5,.415,0.9,1.7,.507,.563,0.5,0.5,.826,0.8,2.4,3.2,0.7,0.5,0.4,0.4,1.1,4.1
503,Tremont Waters\watertr01,PG,23,BOS,18,1,7.1,0.8,2.3,.366,0.4,1.0,.389,0.4,1.3,.348,.451,0.7,0.8,.929,0.2,0.4,0.6,2.0,0.6,0.0,0.8,0.4,2.8
504,Paul Watson\watsopa01,SF,26,TOR,27,2,11.0,1.4,3.0,.463,1.1,2.4,.469,0.3,0.7,.444,.646,0.2,0.3,.625,0.1,1.5,1.7,0.6,0.2,0.1,0.3,1.3,4.1
505,Quinndary Weatherspoon\weathqu01,SG,24,SAS,17,0,4.5,0.4,0.9,.375,0.0,0.1,.000,0.4,0.8,.429,.375,0.4,0.5,.875,0.1,0.2,0.4,0.3,0.4,0.1,0.5,0.8,1.1
506,Russell Westbrook\westbru01,PG,32,WAS,54,54,35.7,8.3,19.0,.437,1.3,4.1,.311,7.0,14.9,.471,.470,3.9,6.3,.628,1.7,9.4,11.0,11.0,1.3,0.4,5.0,2.8,21.8
507,Coby White\whiteco01,PG,20,CHI,58,43,30.8,5.3,12.8,.416,2.1,6.2,.344,3.2,6.6,.483,.499,2.0,2.2,.913,0.4,3.7,4.1,4.6,0.6,0.2,2.2,2.5,14.8
508,Derrick White\whitede01,SG,26,SAS,36,32,29.6,5.2,12.6,.411,2.3,6.8,.346,2.8,5.8,.486,.503,2.7,3.2,.851,0.4,2.6,3.0,3.5,0.7,1.0,1.3,2.5,15.4
509,Hassan Whiteside\whiteha01,C,31,SAC,36,4,15.2,3.5,6.2,.563,0.0,0.0,.000,3.5,6.2,.565,.563,1.1,2.2,.519,1.7,4.3,6.0,0.6,0.3,1.3,1.1,2.0,8.1
510,Greg Whittington\whittgr01,PF,27,DEN,4,0,3.0,0.0,0.8,.000,0.0,0.5,.000,0.0,0.3,.000,.000,0.0,0.0,,0.0,0.0,0.0,0.0,0.0,0.0,0.0,0.0,0.0
511,Andrew Wiggins\wiggian01,PF,25,GSW,61,61,33.0,6.8,14.5,.471,2.0,5.1,.382,4.9,9.3,.520,.539,2.4,3.4,.697,1.0,3.8,4.8,2.3,1.0,1.0,1.8,2.2,18.0
512,Grant Williams\willigr01,PF,22,BOS,53,8,18.7,1.6,3.8,.426,0.8,2.1,.373,0.8,1.7,.489,.527,0.4,0.8,.550,0.8,2.1,2.9,1.0,0.6,0.4,0.9,2.6,4.4
513,Kenrich Williams\willike04,PF,26,OKC,61,12,21.3,3.1,5.9,.530,0.7,1.7,.441,2.4,4.3,.565,.593,0.5,1.0,.559,1.3,2.9,4.2,2.2,0.7,0.2,1.1,2.1,7.6
514,Lou Williams\willilo02,PG,34,TOT,56,3,22.3,4.3,10.4,.418,1.1,2.8,.396,3.2,7.5,.427,.472,2.4,2.7,.869,0.3,1.6,2.0,3.4,0.8,0.1,1.6,1.0,12.2
514,Lou Williams\willilo02,PG,34,LAC,42,3,21.9,4.3,10.2,.421,1.1,2.8,.378,3.2,7.4,.437,.473,2.5,2.8,.866,0.4,1.7,2.1,3.4,0.9,0.1,1.6,1.0,12.1
514,Lou Williams\willilo02,PG,34,ATL,14,0,23.6,4.4,10.8,.411,1.3,2.9,.450,3.1,7.9,.396,.470,2.1,2.4,.882,0.2,1.4,1.6,3.4,0.5,0.1,1.9,1.0,12.3
515,Patrick Williams\willipa01,PF,19,CHI,60,60,28.1,3.6,7.5,.479,0.8,2.0,.378,2.8,5.5,.515,.529,1.3,1.7,.758,0.9,3.8,4.7,1.4,0.9,0.7,1.4,1.9,9.1
516,Robert Williams\williro04,C,23,BOS,47,10,18.9,3.7,5.1,.720,0.0,0.0,.000,3.7,5.0,.726,.720,0.9,1.4,.646,2.6,4.4,7.0,1.8,0.8,1.8,1.0,2.1,8.2
517,Zion Williamson\willizi01,PF,20,NOP,56,56,32.9,10.4,16.8,.618,0.2,0.6,.323,10.2,16.2,.628,.624,6.0,8.6,.696,2.6,4.6,7.2,3.6,0.9,0.6,2.6,2.3,26.9
518,D.J. Wilson\wilsodj01,PF,24,TOT,32,1,11.5,1.8,4.5,.410,0.8,2.4,.342,1.0,2.1,.485,.500,0.4,0.7,.619,0.5,2.4,2.9,0.6,0.3,0.5,0.6,1.2,4.9
518,D.J. Wilson\wilsodj01,PF,24,MIL,12,0,8.8,1.3,3.6,.372,0.8,2.3,.357,0.5,1.3,.400,.488,0.1,0.2,.500,0.3,1.8,2.1,0.3,0.1,0.3,0.3,1.1,3.6
518,D.J. Wilson\wilsodj01,PF,24,HOU,20,1,13.2,2.2,5.1,.426,0.8,2.4,.333,1.4,2.7,.509,.505,0.6,1.0,.632,0.6,2.8,3.4,0.8,0.5,0.6,0.8,1.3,5.7
519,Dylan Windler\windldy01,SF,24,CLE,31,0,16.5,1.8,4.2,.438,0.8,2.5,.338,1.0,1.7,.585,.538,0.7,0.9,.778,0.6,2.8,3.5,1.1,0.6,0.4,1.0,1.2,5.2
520,Justise Winslow\winslju01,SF,24,MEM,21,0,20.1,2.9,8.4,.347,0.3,2.1,.133,2.6,6.2,.420,.364,0.6,1.0,.600,0.7,3.7,4.3,1.9,0.7,0.5,1.6,1.9,6.7
521,Cassius Winston\winstca01,PG,22,WAS,18,0,5.1,0.7,1.7,.419,0.4,0.9,.500,0.3,0.8,.333,.548,0.3,0.3,.833,0.0,0.5,0.5,0.6,0.1,0.1,0.1,0.4,2.2
522,James Wiseman\wisemja01,C,19,GSW,39,27,21.4,4.9,9.4,.519,0.3,1.0,.316,4.6,8.5,.542,.535,1.4,2.2,.628,1.4,4.4,5.8,0.7,0.3,0.9,1.5,3.1,11.5
523,Christian Wood\woodch01,C,25,HOU,37,37,32.0,8.1,15.5,.523,1.8,4.8,.376,6.3,10.7,.588,.581,2.9,4.6,.634,1.8,7.7,9.5,1.5,0.9,1.2,1.9,2.1,21.0
524,Robert Woodard\woodaro01,SF,21,SAC,11,0,2.6,0.6,1.3,.500,0.1,0.4,.250,0.5,0.9,.600,.536,0.3,0.7,.375,0.3,0.7,1.0,0.0,0.0,0.2,0.1,0.2,1.6
525,Delon Wright\wrighde01,SG-PG,28,TOT,52,31,26.8,3.4,7.5,.457,0.9,2.4,.371,2.6,5.2,.496,.515,1.8,2.3,.805,1.0,3.1,4.1,4.2,1.5,0.4,1.1,1.1,9.6
525,Delon Wright\wrighde01,SG,28,DET,36,31,29.2,3.8,8.1,.464,0.9,2.5,.348,2.9,5.7,.515,.517,2.0,2.5,.789,1.0,3.5,4.6,5.0,1.6,0.5,1.3,1.3,10.4
525,Delon Wright\wrighde01,PG,28,SAC,16,0,21.2,2.7,6.2,.434,0.9,2.2,.429,1.8,4.0,.438,.510,1.5,1.8,.857,0.8,2.2,3.0,2.3,1.2,0.1,0.7,0.8,7.8
526,Thaddeus Young\youngth01,PF,32,CHI,57,17,24.1,5.5,9.5,.580,0.2,0.6,.278,5.3,8.9,.602,.590,0.9,1.5,.628,2.4,3.7,6.2,4.2,1.1,0.6,2.0,2.4,12.1
527,Trae Young\youngtr01,PG,22,ATL,54,54,34.2,7.6,17.8,.429,2.3,6.4,.357,5.4,11.4,.470,.493,7.7,8.8,.874,0.6,3.3,3.9,9.6,0.9,0.2,4.2,1.9,25.3
528,Cody Zeller\zelleco01,C,28,CHO,38,20,21.0,3.6,6.7,.542,0.1,0.7,.120,3.5,6.0,.588,.547,1.7,2.2,.741,2.6,4.3,6.9,1.9,0.6,0.4,1.1,2.4,8.9
529,Ivica Zubac\zubaciv01,C,23,LAC,63,24,22.4,3.6,5.6,.643,0.0,0.0,.000,3.6,5.5,.648,.643,2.0,2.5,.788,2.7,4.6,7.3,1.2,0.4,0.9,1.2,2.7,9.1